id,group,age_demographic_tag,theme,gift_idea,why_unique,price_band,price_range
1,"Boys, 0-12","Curious, hands-on, growing fast",STEM & Science,My First Science Kit with 50+ experiments,Turns the kitchen table into a lab; screen-free curiosity for ages 6+.,B,"Rs 500-1,500"
2,"Boys, 0-12","Curious, hands-on, growing fast",STEM & Science,DIY working volcano + chemistry reactions set,The classic eruption plus safe acid-base reactions kids can repeat.,A,Rs 0-500
3,"Boys, 0-12","Curious, hands-on, growing fast",STEM & Science,Glow-in-the-dark science lab kit,Experiments that light up in the dark make the 'why' unforgettable.,B,"Rs 500-1,500"
4,"Boys, 0-12","Curious, hands-on, growing fast",STEM & Science,Crystal-growing kit,A week-long project that teaches patience and pays off with real crystals.,A,Rs 0-500
5,"Boys, 0-12","Curious, hands-on, growing fast",STEM & Science,Human body 3D model build kit,"Snap organs into place to learn anatomy by doing, not memorising.",B,"Rs 500-1,500"
6,"Boys, 0-12","Curious, hands-on, growing fast",STEM & Science,Solar system 3D working model,Build the planets and see orbits move; astronomy that sticks.,B,"Rs 500-1,500"
7,"Boys, 0-12","Curious, hands-on, growing fast",STEM & Science,Microscope starter kit with prepared slides,"Opens the hidden world of pond water, onion skin and insect wings.",C,"Rs 1,500-5,000"
8,"Boys, 0-12","Curious, hands-on, growing fast",STEM & Science,Weather station build kit,"Kids track rain, wind and temperature like a real meteorologist.",B,"Rs 500-1,500"
9,"Boys, 0-12","Curious, hands-on, growing fast",STEM & Science,Electric circuit 'snap' kit,"Wire a fan, buzzer and lamp with no soldering, no fear.",B,"Rs 500-1,500"
10,"Boys, 0-12","Curious, hands-on, growing fast",STEM & Science,Volcano-to-dinosaur fossil dig kit,"Chisel out real fossils; part science, part treasure hunt.",A,Rs 0-500
11,"Boys, 0-12","Curious, hands-on, growing fast",Building & Construction,DIY mini wooden cottage model,A buildable keepsake that decorates the room after it's done.,B,"Rs 500-1,500"
12,"Boys, 0-12","Curious, hands-on, growing fast",Building & Construction,Magnetic tile building set,Open-ended magnetic shapes that never get 'finished' being played with.,C,"Rs 1,500-5,000"
13,"Boys, 0-12","Curious, hands-on, growing fast",Building & Construction,Marble run construction city,Engineering disguised as pure fun; rebuildable a hundred ways.,B,"Rs 500-1,500"
14,"Boys, 0-12","Curious, hands-on, growing fast",Building & Construction,Hydraulic arm / crane build kit,Water-powered mechanics teach force without a single battery.,B,"Rs 500-1,500"
15,"Boys, 0-12","Curious, hands-on, growing fast",Building & Construction,Motorised robotic mechanical hand,Build a gripping robot hand that actually grabs objects.,C,"Rs 1,500-5,000"
16,"Boys, 0-12","Curious, hands-on, growing fast",Building & Construction,Wooden 3D mechanical clock kit,"A ticking, working clock they assembled themselves.",B,"Rs 500-1,500"
17,"Boys, 0-12","Curious, hands-on, growing fast",Building & Construction,Nuts-and-bolts toolkit play set,Real fine-motor practice with kid-safe drill and screws.,A,Rs 0-500
18,"Boys, 0-12","Curious, hands-on, growing fast",Building & Construction,Bridge & structures engineering kit,Test which designs hold weight; failure is the lesson.,B,"Rs 500-1,500"
19,"Boys, 0-12","Curious, hands-on, growing fast",Building & Construction,Interlocking brick architecture set,Landmark builds that reward focus and following steps.,C,"Rs 1,500-5,000"
20,"Boys, 0-12","Curious, hands-on, growing fast",Building & Construction,Pinball machine DIY build,"They build the arcade, then play the arcade they built.",C,"Rs 1,500-5,000"
21,"Boys, 0-12","Curious, hands-on, growing fast",Robotics & Coding,Screen-free coding robot for early coders,"Kids sequence commands with cards, learning logic before screens.",C,"Rs 1,500-5,000"
22,"Boys, 0-12","Curious, hands-on, growing fast",Robotics & Coding,Line-following robot kit,"Build a bot that follows a track; instant, visible payoff.",C,"Rs 1,500-5,000"
23,"Boys, 0-12","Curious, hands-on, growing fast",Robotics & Coding,App-controlled programmable rover,Grows with the child from drag-drop blocks to real code.,D,"Rs 5,000+"
24,"Boys, 0-12","Curious, hands-on, growing fast",Robotics & Coding,Solar robot 14-in-1 kit,"One kit, fourteen sun-powered robots, zero batteries.",B,"Rs 500-1,500"
25,"Boys, 0-12","Curious, hands-on, growing fast",Robotics & Coding,Beginner electronics 'invent' mega kit,120+ projects that demystify how gadgets actually work.,B,"Rs 500-1,500"
26,"Boys, 0-12","Curious, hands-on, growing fast",Robotics & Coding,Coding board game (unplugged),Teaches loops and conditionals around the dining table.,B,"Rs 500-1,500"
27,"Boys, 0-12","Curious, hands-on, growing fast",Robotics & Coding,Build-your-own walking robot,Motorised legs and gears turn theory into a stomping bot.,C,"Rs 1,500-5,000"
28,"Boys, 0-12","Curious, hands-on, growing fast",Robotics & Coding,Micro:bit starter project pack,A real programmable board for the genuinely curious kid.,C,"Rs 1,500-5,000"
29,"Boys, 0-12","Curious, hands-on, growing fast",Robotics & Coding,Draw-and-drive robot (drawing bot),A wobbly robot that makes art; cause-and-effect made joyful.,B,"Rs 500-1,500"
30,"Boys, 0-12","Curious, hands-on, growing fast",Robotics & Coding,Remote-control DIY tank build kit,Assembly plus RC control; patience rewarded with a drivable machine.,C,"Rs 1,500-5,000"
31,"Boys, 0-12","Curious, hands-on, growing fast",Art & Making,Clay pottery wheel kit for kids,Battery-spun wheel to throw real pots; wonderfully messy.,B,"Rs 500-1,500"
32,"Boys, 0-12","Curious, hands-on, growing fast",Art & Making,3D pen for kids (low-heat),Draw sculptures in the air; imagination becomes physical.,C,"Rs 1,500-5,000"
33,"Boys, 0-12","Curious, hands-on, growing fast",Art & Making,Comic-book creator kit with panels & stamps,Gives storytellers a structure to publish their own comics.,A,Rs 0-500
34,"Boys, 0-12","Curious, hands-on, growing fast",Art & Making,Spin-art machine,Every spin is a new masterpiece; process over perfection.,B,"Rs 500-1,500"
35,"Boys, 0-12","Curious, hands-on, growing fast",Art & Making,Stop-motion animation studio kit,Phone + kit = their own short films; huge creative range.,C,"Rs 1,500-5,000"
36,"Boys, 0-12","Curious, hands-on, growing fast",Art & Making,Sand art & terrarium bottle kit,Layered sand keepsakes that double as room décor.,A,Rs 0-500
37,"Boys, 0-12","Curious, hands-on, growing fast",Art & Making,DIY kite-making and flying kit,"Craft it indoors, fly it outdoors; two hobbies in one.",A,Rs 0-500
38,"Boys, 0-12","Curious, hands-on, growing fast",Art & Making,Origami master set with paper & guide,"Focus, geometry and pride in a stack of paper.",A,Rs 0-500
39,"Boys, 0-12","Curious, hands-on, growing fast",Art & Making,Scratch-art night sky posters,Reveal glowing artwork stroke by stroke; calming and screen-free.,A,Rs 0-500
40,"Boys, 0-12","Curious, hands-on, growing fast",Art & Making,Build-a-birdhouse woodcraft kit,Paint and hang it; a project that invites nature to the window.,B,"Rs 500-1,500"
41,"Boys, 0-12","Curious, hands-on, growing fast",Outdoor & Active,Junior archery target set (safe tips),Focus and aim; a skill sport that feels grown-up.,B,"Rs 500-1,500"
42,"Boys, 0-12","Curious, hands-on, growing fast",Outdoor & Active,Kids' metal detector,Turns any park into a treasure hunt for hours.,C,"Rs 1,500-5,000"
43,"Boys, 0-12","Curious, hands-on, growing fast",Outdoor & Active,Slackline starter kit for the garden,Balance and confidence-building without a screen in sight.,B,"Rs 500-1,500"
44,"Boys, 0-12","Curious, hands-on, growing fast",Outdoor & Active,Two-player water-rocket launcher,"Physics you can feel; soaked, delighted kids guaranteed.",B,"Rs 500-1,500"
45,"Boys, 0-12","Curious, hands-on, growing fast",Outdoor & Active,Glow-in-the-dark flying disc,"Extends play into the evening; simple, social, active.",A,Rs 0-500
46,"Boys, 0-12","Curious, hands-on, growing fast",Outdoor & Active,Bug-catching explorer kit with viewer,"Magnifier, net and jar for the budding naturalist.",A,Rs 0-500
47,"Boys, 0-12","Curious, hands-on, growing fast",Outdoor & Active,Skateboard / penny board for beginners,A first board is a rite of passage and a lasting hobby.,C,"Rs 1,500-5,000"
48,"Boys, 0-12","Curious, hands-on, growing fast",Outdoor & Active,Pump-action foam blaster (long range),Backyard battles that get the whole street moving.,B,"Rs 500-1,500"
49,"Boys, 0-12","Curious, hands-on, growing fast",Outdoor & Active,Kids' badminton set with net,Instant garden game that parents will join in on.,B,"Rs 500-1,500"
50,"Boys, 0-12","Curious, hands-on, growing fast",Outdoor & Active,Stomp-powered jumping rocket,"Jump on the pad, launch the rocket; pure kinetic joy.",A,Rs 0-500
51,"Boys, 0-12","Curious, hands-on, growing fast",Games & Puzzles,Cooperative board game for kids,"Everyone wins or loses together; teaches teamwork, not tears.",B,"Rs 500-1,500"
52,"Boys, 0-12","Curious, hands-on, growing fast",Games & Puzzles,3D wooden brain-teaser puzzle set,Tactile logic puzzles that beat any tablet game.,A,Rs 0-500
53,"Boys, 0-12","Curious, hands-on, growing fast",Games & Puzzles,Memory & strategy card game (ages 7+),"Quick rounds, real thinking, endlessly replayable.",A,Rs 0-500
54,"Boys, 0-12","Curious, hands-on, growing fast",Games & Puzzles,Themed 80-piece jigsaw (space/dino),A screen-free rainy-day ritual in a premium tin.,A,Rs 0-500
55,"Boys, 0-12","Curious, hands-on, growing fast",Games & Puzzles,Magnetic travel chess & draughts,Fits in a bag; starts a lifelong strategy habit.,B,"Rs 500-1,500"
56,"Boys, 0-12","Curious, hands-on, growing fast",Games & Puzzles,Rubik's-style speed cube starter set,A pocket puzzle that becomes a genuine skill flex.,A,Rs 0-500
57,"Boys, 0-12","Curious, hands-on, growing fast",Games & Puzzles,Tangram + shape-logic acrylic set,"Spatial reasoning in beautiful, giftable form.",B,"Rs 500-1,500"
58,"Boys, 0-12","Curious, hands-on, growing fast",Games & Puzzles,Maze marble labyrinth board,Steady hands and patience in a single wooden board.,B,"Rs 500-1,500"
59,"Boys, 0-12","Curious, hands-on, growing fast",Games & Puzzles,Escape-room-in-a-box for kids,"A family evening of clues, ciphers and cheering.",B,"Rs 500-1,500"
60,"Boys, 0-12","Curious, hands-on, growing fast",Games & Puzzles,Balancing / stacking physics game,Suspense and fine motor skills in a tumbling tower.,A,Rs 0-500
61,"Boys, 0-12","Curious, hands-on, growing fast",Space & Nature,Astronaut projector & starry night light,Turns the ceiling into a galaxy; calms bedtime beautifully.,B,"Rs 500-1,500"
62,"Boys, 0-12","Curious, hands-on, growing fast",Space & Nature,Grow-your-own butterfly habitat,Live caterpillars to butterflies; a lesson in life itself.,C,"Rs 1,500-5,000"
63,"Boys, 0-12","Curious, hands-on, growing fast",Space & Nature,Ant farm / formicarium habitat,Hypnotic real-world engineering happening behind glass.,B,"Rs 500-1,500"
64,"Boys, 0-12","Curious, hands-on, growing fast",Space & Nature,Dinosaur excavation & assembly kit,"Dig, clean and build a dino skeleton like a palaeontologist.",B,"Rs 500-1,500"
65,"Boys, 0-12","Curious, hands-on, growing fast",Space & Nature,Planetarium home star projector,Accurate constellations that spark real astronomy questions.,C,"Rs 1,500-5,000"
66,"Boys, 0-12","Curious, hands-on, growing fast",Space & Nature,Grow-a-plant science greenhouse,Seeds to sprouts on the windowsill; responsibility made fun.,A,Rs 0-500
67,"Boys, 0-12","Curious, hands-on, growing fast",Space & Nature,Glow-in-dark planets ceiling set,A whole solar system that appears at lights-out.,A,Rs 0-500
68,"Boys, 0-12","Curious, hands-on, growing fast",Space & Nature,Rock & mineral collection with guide,A starter collection that turns walks into hunts.,B,"Rs 500-1,500"
69,"Boys, 0-12","Curious, hands-on, growing fast",Space & Nature,Kids' beginner telescope,First view of the Moon's craters is a core memory.,C,"Rs 1,500-5,000"
70,"Boys, 0-12","Curious, hands-on, growing fast",Space & Nature,Volcano & earthquake geology kit,"Plate tectonics you can build, shake and erupt.",B,"Rs 500-1,500"
71,"Boys, 0-12","Curious, hands-on, growing fast",Early Years,Busy board activity panel (toddler),"Buckles, zips and switches build real-world fine motor skills.",B,"Rs 500-1,500"
72,"Boys, 0-12","Curious, hands-on, growing fast",Early Years,Wooden shape-sorter & stacker,The timeless first puzzle; endlessly repeatable.,A,Rs 0-500
73,"Boys, 0-12","Curious, hands-on, growing fast",Early Years,Musical instrument starter band set,"Drum, xylophone and shaker for the tiny performer.",B,"Rs 500-1,500"
74,"Boys, 0-12","Curious, hands-on, growing fast",Early Years,Water-reveal reusable painting book,"Paints with just water; no mess, infinite reuse.",A,Rs 0-500
75,"Boys, 0-12","Curious, hands-on, growing fast",Early Years,Textured sensory ball pack,"Different grips and bumps for grabbing, rolling, giggling.",A,Rs 0-500
76,"Boys, 0-12","Curious, hands-on, growing fast",Early Years,Soft cloth activity book (crinkle),First 'book' that survives chewing and teaches touch.,A,Rs 0-500
77,"Boys, 0-12","Curious, hands-on, growing fast",Early Years,Nesting & stacking cups set,"Bath toy, tower and sorter in one humble classic.",A,Rs 0-500
78,"Boys, 0-12","Curious, hands-on, growing fast",Early Years,Pull-along wooden animal toy,"Encourages those first wobbly, proud steps.",B,"Rs 500-1,500"
79,"Boys, 0-12","Curious, hands-on, growing fast",Early Years,Peg puzzle animals / vehicles,Chunky pegs for tiny fingers; names and shapes together.,A,Rs 0-500
80,"Boys, 0-12","Curious, hands-on, growing fast",Early Years,Sound-button early words board,Press to hear the word; vocabulary through play.,B,"Rs 500-1,500"
81,"Boys, 0-12","Curious, hands-on, growing fast",Books & Story,Personalised storybook with child's name,They become the hero; the most re-read book on the shelf.,B,"Rs 500-1,500"
82,"Boys, 0-12","Curious, hands-on, growing fast",Books & Story,Interactive pop-up adventure book,Paper engineering that makes reading feel like magic.,A,Rs 0-500
83,"Boys, 0-12","Curious, hands-on, growing fast",Books & Story,Audio storybook player (screen-free),A screen-free 'Netflix for ears' for independent listening.,D,"Rs 5,000+"
84,"Boys, 0-12","Curious, hands-on, growing fast",Books & Story,Build-your-own story dice set,"Roll the dice, invent a tale; imagination on demand.",A,Rs 0-500
85,"Boys, 0-12","Curious, hands-on, growing fast",Books & Story,Illustrated first encyclopedia,Answers a thousand 'why' questions in one beautiful book.,B,"Rs 500-1,500"
86,"Boys, 0-12","Curious, hands-on, growing fast",Books & Story,Graphic-novel starter box set,Hooks reluctant readers with pictures and cliff-hangers.,C,"Rs 1,500-5,000"
87,"Boys, 0-12","Curious, hands-on, growing fast",Books & Story,Mythology & folktales illustrated set,Indian and world myths that fuel imagination and roots.,B,"Rs 500-1,500"
88,"Boys, 0-12","Curious, hands-on, growing fast",Books & Story,Comic subscription (3 months),A gift that keeps arriving; anticipation every month.,C,"Rs 1,500-5,000"
89,"Boys, 0-12","Curious, hands-on, growing fast",Books & Story,Personalised name puzzle (wooden),"Learn to spell their own name, one peg at a time.",B,"Rs 500-1,500"
90,"Boys, 0-12","Curious, hands-on, growing fast",Books & Story,Draw-your-own-comic blank panel book,A blank stage for kids who'd rather make stories than read them.,A,Rs 0-500
91,"Boys, 0-12","Curious, hands-on, growing fast",Sports & Fandom,Junior football / basketball hoop set,Backyard sport that gets him moving and competing.,B,"Rs 500-1,500"
92,"Boys, 0-12","Curious, hands-on, growing fast",Sports & Fandom,Personalised jersey (favourite team/name),His name on his hero's colours; instantly treasured.,B,"Rs 500-1,500"
93,"Boys, 0-12","Curious, hands-on, growing fast",Sports & Fandom,Table-top mini football / foosball,Endless indoor matches with friends and family.,C,"Rs 1,500-5,000"
94,"Boys, 0-12","Curious, hands-on, growing fast",Sports & Fandom,"Cricket set (bat, ball, stumps)",The classic Indian backyard game in one kit.,B,"Rs 500-1,500"
95,"Boys, 0-12","Curious, hands-on, growing fast",Sports & Fandom,Basketball / football trivia card game,"Feeds the young fan's obsession, screen-free.",A,Rs 0-500
96,"Boys, 0-12","Curious, hands-on, growing fast",Sports & Fandom,Air-powered indoor hover-soccer disc,Glides across the floor for safe indoor goals.,A,Rs 0-500
97,"Boys, 0-12","Curious, hands-on, growing fast",Sports & Fandom,Sports-star collectible figure,A display-worthy nod to his favourite athlete.,B,"Rs 500-1,500"
98,"Boys, 0-12","Curious, hands-on, growing fast",Sports & Fandom,Kids' punching bag + gloves,Energy release and coordination in one fun set.,C,"Rs 1,500-5,000"
99,"Boys, 0-12","Curious, hands-on, growing fast",Sports & Fandom,Bowling / skittles indoor set,"Simple, social scoring fun for all ages.",B,"Rs 500-1,500"
100,"Boys, 0-12","Curious, hands-on, growing fast",Sports & Fandom,Target-practice velcro dartboard,Safe aiming games that build focus and giggles.,A,Rs 0-500
101,"Girls, 0-12","Creative, expressive, imaginative",Art & Making,Lippan mud-art mirror craft kit,A rooted Indian art form that ends in a wall-worthy piece.,A,Rs 0-500
102,"Girls, 0-12","Creative, expressive, imaginative",Art & Making,DIY tie-dye fashion kit,Make wearable art; every result is one-of-a-kind.,B,"Rs 500-1,500"
103,"Girls, 0-12","Creative, expressive, imaginative",Art & Making,Candle-making starter kit,"Melt, scent and mould; a calming, giftable-back hobby.",B,"Rs 500-1,500"
104,"Girls, 0-12","Creative, expressive, imaginative",Art & Making,Soap-making DIY set,Chemistry plus beauty; they gift the results proudly.,B,"Rs 500-1,500"
105,"Girls, 0-12","Creative, expressive, imaginative",Art & Making,Diamond-dotz sparkle art kit,"Meditative, satisfying and ends in a framed sparkler.",A,Rs 0-500
106,"Girls, 0-12","Creative, expressive, imaginative",Art & Making,Paper-quilling decor kit,Delicate coils become greeting cards and wall art.,A,Rs 0-500
107,"Girls, 0-12","Creative, expressive, imaginative",Art & Making,Embroidery hoop beginner kit,"A slow, screen-free skill with heirloom potential.",B,"Rs 500-1,500"
108,"Girls, 0-12","Creative, expressive, imaginative",Art & Making,Mandala dot-painting coasters,"Six blank coasters become a usable, gift-worthy set.",A,Rs 0-500
109,"Girls, 0-12","Creative, expressive, imaginative",Art & Making,Fabric marker & tote-bag design kit,Design your own bag; wear the art to school.,A,Rs 0-500
110,"Girls, 0-12","Creative, expressive, imaginative",Art & Making,Air-dry clay jewellery-making kit,"Sculpt, bake-free, then wear their own creations.",B,"Rs 500-1,500"
111,"Girls, 0-12","Creative, expressive, imaginative",Jewellery Craft,Bead loom bracelet-making studio,"Loom-woven bands; a real craft, not just threading.",B,"Rs 500-1,500"
112,"Girls, 0-12","Creative, expressive, imaginative",Jewellery Craft,Resin keychain & pendant kit,"Embed flowers and glitter; magical, giftable results.",B,"Rs 500-1,500"
113,"Girls, 0-12","Creative, expressive, imaginative",Jewellery Craft,DIY scrunchie sewing kit,Make a drawer full of hair accessories in an afternoon.,A,Rs 0-500
114,"Girls, 0-12","Creative, expressive, imaginative",Jewellery Craft,Charm bracelet build-your-own set,A story on the wrist; add charms for milestones.,B,"Rs 500-1,500"
115,"Girls, 0-12","Creative, expressive, imaginative",Jewellery Craft,Nail-art (kid-safe peel-off) studio,"Salon fun at home with washable, gentle polishes.",B,"Rs 500-1,500"
116,"Girls, 0-12","Creative, expressive, imaginative",Jewellery Craft,Press-on gem body-art kit,Festival sparkle for dress-up days and parties.,A,Rs 0-500
117,"Girls, 0-12","Creative, expressive, imaginative",Jewellery Craft,Friendship-band braiding disc,The classic that makes and cements friendships.,A,Rs 0-500
118,"Girls, 0-12","Creative, expressive, imaginative",Jewellery Craft,Clay-bead phone-charm kit,On-trend beaded charms they'll actually use.,A,Rs 0-500
119,"Girls, 0-12","Creative, expressive, imaginative",Jewellery Craft,Personalised name-bracelet letter kit,"Spell any name; part learning, part fashion.",A,Rs 0-500
120,"Girls, 0-12","Creative, expressive, imaginative",Jewellery Craft,Melt-and-pour lip-balm kit,"Safe, natural balms in flavours they choose.",B,"Rs 500-1,500"
121,"Girls, 0-12","Creative, expressive, imaginative",STEM & Discovery,Perfume-making chemistry lab,Blends fragrance science with creativity; deeply engaging.,B,"Rs 500-1,500"
122,"Girls, 0-12","Creative, expressive, imaginative",STEM & Discovery,Bath-bomb making kit,Fizzy chemistry that ends in a spa night.,B,"Rs 500-1,500"
123,"Girls, 0-12","Creative, expressive, imaginative",STEM & Discovery,Grow-your-own crystal jewellery,Science project you can wear when it's done.,B,"Rs 500-1,500"
124,"Girls, 0-12","Creative, expressive, imaginative",STEM & Discovery,Coding robot with storytelling mode,Learns logic through characters and quests.,C,"Rs 1,500-5,000"
125,"Girls, 0-12","Creative, expressive, imaginative",STEM & Discovery,Botany pressed-flower science kit,Preserve blooms and learn plant parts together.,A,Rs 0-500
126,"Girls, 0-12","Creative, expressive, imaginative",STEM & Discovery,Kitchen-science experiment box,"Edible, safe experiments that demystify food.",B,"Rs 500-1,500"
127,"Girls, 0-12","Creative, expressive, imaginative",STEM & Discovery,Build-a-fountain hydraulics kit,Pretty and educational; water physics made lovely.,B,"Rs 500-1,500"
128,"Girls, 0-12","Creative, expressive, imaginative",STEM & Discovery,Solar-powered dollhouse light kit,Wire real lights into pretend play; sneaky engineering.,C,"Rs 1,500-5,000"
129,"Girls, 0-12","Creative, expressive, imaginative",STEM & Discovery,Weather & rainbow science kit,Make rainbows and clouds; wonder plus explanation.,A,Rs 0-500
130,"Girls, 0-12","Creative, expressive, imaginative",STEM & Discovery,DIY kaleidoscope build kit,"Optics you assemble, then can't stop looking through.",A,Rs 0-500
131,"Girls, 0-12","Creative, expressive, imaginative",Imaginative Play,Wooden play-kitchen accessories set,Sturdy props for years of open-ended role-play.,C,"Rs 1,500-5,000"
132,"Girls, 0-12","Creative, expressive, imaginative",Imaginative Play,Doctor / vet role-play kit,Empathy and vocabulary through caring play.,B,"Rs 500-1,500"
133,"Girls, 0-12","Creative, expressive, imaginative",Imaginative Play,Magnetic dress-up wooden doll,Endless outfits; storytelling without tiny lost parts.,B,"Rs 500-1,500"
134,"Girls, 0-12","Creative, expressive, imaginative",Imaginative Play,DIY dollhouse build-and-decorate kit,"Build it, then live stories inside it.",C,"Rs 1,500-5,000"
135,"Girls, 0-12","Creative, expressive, imaginative",Imaginative Play,Puppet theatre with hand puppets,A stage for shy kids to find their voice.,C,"Rs 1,500-5,000"
136,"Girls, 0-12","Creative, expressive, imaginative",Imaginative Play,Tea-party ceramic play set,"Hosting, sharing and manners, disguised as fun.",B,"Rs 500-1,500"
137,"Girls, 0-12","Creative, expressive, imaginative",Imaginative Play,Little-chef baking apron & tools,Real cooking confidence in kid-sized gear.,B,"Rs 500-1,500"
138,"Girls, 0-12","Creative, expressive, imaginative",Imaginative Play,Pretend market / grocery play set,"Counting, trading and role-play in one basket.",B,"Rs 500-1,500"
139,"Girls, 0-12","Creative, expressive, imaginative",Imaginative Play,Fairy-garden building kit,A tiny magical world they design and tend.,B,"Rs 500-1,500"
140,"Girls, 0-12","Creative, expressive, imaginative",Imaginative Play,Design-your-own board game kit,They invent the rules; creativity meets game night.,B,"Rs 500-1,500"
141,"Girls, 0-12","Creative, expressive, imaginative",Music & Performance,Beginner ukulele with lesson book,"Small hands, big joy; a real first instrument.",C,"Rs 1,500-5,000"
142,"Girls, 0-12","Creative, expressive, imaginative",Music & Performance,Karaoke mic with Bluetooth speaker,Stage-lit confidence for the household performer.,B,"Rs 500-1,500"
143,"Girls, 0-12","Creative, expressive, imaginative",Music & Performance,Kids' electronic keyboard with lights,Light-up keys teach songs without a tutor.,C,"Rs 1,500-5,000"
144,"Girls, 0-12","Creative, expressive, imaginative",Music & Performance,DIY musical-instrument craft kit,"Build shakers and drums, then form a band.",B,"Rs 500-1,500"
145,"Girls, 0-12","Creative, expressive, imaginative",Music & Performance,Kalimba thumb piano,"Instantly playable, soothing and genuinely musical.",B,"Rs 500-1,500"
146,"Girls, 0-12","Creative, expressive, imaginative",Music & Performance,Ballet / dance starter kit,Encourages movement and grace with real gear.,B,"Rs 500-1,500"
147,"Girls, 0-12","Creative, expressive, imaginative",Music & Performance,Handbell / chime set with songbook,Colour-coded music-making for pre-readers.,B,"Rs 500-1,500"
148,"Girls, 0-12","Creative, expressive, imaginative",Music & Performance,Recording microphone toy studio,"Records, plays back and delights budding singers.",C,"Rs 1,500-5,000"
149,"Girls, 0-12","Creative, expressive, imaginative",Music & Performance,Dress-up performance costume trunk,A whole wardrobe for imaginative role-play.,C,"Rs 1,500-5,000"
150,"Girls, 0-12","Creative, expressive, imaginative",Music & Performance,Rhythm & maracas percussion pack,Keeps the beat and the giggles going.,A,Rs 0-500
151,"Girls, 0-12","Creative, expressive, imaginative",Outdoor & Active,Girls' beginner skateboard / cruiser,A confidence-building first board in fun colours.,C,"Rs 1,500-5,000"
152,"Girls, 0-12","Creative, expressive, imaginative",Outdoor & Active,Hula-hoop fitness set (weighted),Active play that quietly builds coordination.,A,Rs 0-500
153,"Girls, 0-12","Creative, expressive, imaginative",Outdoor & Active,Garden gymnastics balance beam,Backyard practice for the aspiring gymnast.,C,"Rs 1,500-5,000"
154,"Girls, 0-12","Creative, expressive, imaginative",Outdoor & Active,Butterfly / bug explorer backpack,Nature kit that gets kids off screens and outside.,B,"Rs 500-1,500"
155,"Girls, 0-12","Creative, expressive, imaginative",Outdoor & Active,Kids' cycling helmet & gear set,Safety gear that makes riding feel official.,B,"Rs 500-1,500"
156,"Girls, 0-12","Creative, expressive, imaginative",Outdoor & Active,Roller skates (adjustable size),Grows with the foot; a season of outdoor fun.,C,"Rs 1,500-5,000"
157,"Girls, 0-12","Creative, expressive, imaginative",Outdoor & Active,Jump-rope with counter,Tracks skips; turns exercise into a personal game.,A,Rs 0-500
158,"Girls, 0-12","Creative, expressive, imaginative",Outdoor & Active,Garden trampoline (mini),Endless bouncing energy release for the whole street.,D,"Rs 5,000+"
159,"Girls, 0-12","Creative, expressive, imaginative",Outdoor & Active,Sidewalk-chalk mega art set,Turns the driveway into a canvas; social and active.,A,Rs 0-500
160,"Girls, 0-12","Creative, expressive, imaginative",Outdoor & Active,Kite + wind-spinner combo,Colourful outdoor play that reads the wind.,A,Rs 0-500
161,"Girls, 0-12","Creative, expressive, imaginative",Books & Story,Personalised adventure storybook,She's the heroine; a book she'll ask for nightly.,B,"Rs 500-1,500"
162,"Girls, 0-12","Creative, expressive, imaginative",Books & Story,Illustrated women-in-history book,Role models and courage in beautiful pages.,B,"Rs 500-1,500"
163,"Girls, 0-12","Creative, expressive, imaginative",Books & Story,Interactive pop-up fairy-tale book,Paper magic that makes reading an event.,A,Rs 0-500
164,"Girls, 0-12","Creative, expressive, imaginative",Books & Story,Screen-free audio story player,"Independent, imagination-first listening for ages 3+.",D,"Rs 5,000+"
165,"Girls, 0-12","Creative, expressive, imaginative",Books & Story,Diary with lock & sticker set,A private space for first words and secrets.,A,Rs 0-500
166,"Girls, 0-12","Creative, expressive, imaginative",Books & Story,Story-cube imagination dice,Roll and invent; storytelling with zero prep.,A,Rs 0-500
167,"Girls, 0-12","Creative, expressive, imaginative",Books & Story,Mythology-for-kids illustrated set,Indian and world tales that build cultural roots.,B,"Rs 500-1,500"
168,"Girls, 0-12","Creative, expressive, imaginative",Books & Story,Graphic-novel starter series,Hooks reluctant readers with art and cliff-hangers.,C,"Rs 1,500-5,000"
169,"Girls, 0-12","Creative, expressive, imaginative",Books & Story,Make-your-own picture-book kit,Blank pages and prompts for tiny authors.,A,Rs 0-500
170,"Girls, 0-12","Creative, expressive, imaginative",Books & Story,Book-of-the-month subscription (3m),"Anticipation and reading habit, delivered monthly.",C,"Rs 1,500-5,000"
171,"Girls, 0-12","Creative, expressive, imaginative",Room & Decor,Star / galaxy ceiling projector,"A calming, dreamy bedtime sky she controls.",B,"Rs 500-1,500"
172,"Girls, 0-12","Creative, expressive, imaginative",Room & Decor,Personalised name LED neon sign,A grown-up room upgrade she'll keep for years.,C,"Rs 1,500-5,000"
173,"Girls, 0-12","Creative, expressive, imaginative",Room & Decor,Fairy-light photo-clip curtain,Displays her memories in a warm glow.,A,Rs 0-500
174,"Girls, 0-12","Creative, expressive, imaginative",Room & Decor,Cloud / moon soft night lamp,"Cute, calming and genuinely useful at bedtime.",B,"Rs 500-1,500"
175,"Girls, 0-12","Creative, expressive, imaginative",Room & Decor,Personalised height-chart wall decal,A keepsake that literally grows with her.,B,"Rs 500-1,500"
176,"Girls, 0-12","Creative, expressive, imaginative",Room & Decor,DIY terrarium desk garden,"A living, low-maintenance corner of green.",B,"Rs 500-1,500"
177,"Girls, 0-12","Creative, expressive, imaginative",Room & Decor,Corkboard + polaroid memory set,"Her friendships and trips, curated on the wall.",B,"Rs 500-1,500"
178,"Girls, 0-12","Creative, expressive, imaginative",Room & Decor,Scented shape-cut candle set,"Pretty, calming décor that also smells lovely.",A,Rs 0-500
179,"Girls, 0-12","Creative, expressive, imaginative",Room & Decor,Personalised door-name plaque,Marks her space as truly her own.,A,Rs 0-500
180,"Girls, 0-12","Creative, expressive, imaginative",Room & Decor,Rainbow projector mood light,Colour-shifting ambience for reading and winding down.,B,"Rs 500-1,500"
181,"Girls, 0-12","Creative, expressive, imaginative",Wellness,Kids' mindfulness & feelings card deck,Names big emotions; a gentle tool for tough days.,A,Rs 0-500
182,"Girls, 0-12","Creative, expressive, imaginative",Wellness,Yoga-for-kids mat & pose cards,"Movement and calm in a playful, guided format.",B,"Rs 500-1,500"
183,"Girls, 0-12","Creative, expressive, imaginative",Wellness,Gratitude journal for children,Builds a lifelong habit of noticing the good.,A,Rs 0-500
184,"Girls, 0-12","Creative, expressive, imaginative",Wellness,Kinetic sand sensory tray,Deeply calming tactile play for anxious moments.,B,"Rs 500-1,500"
185,"Girls, 0-12","Creative, expressive, imaginative",Wellness,DIY stress-ball / squishy kit,Make their own fidget; comfort they crafted.,A,Rs 0-500
186,"Girls, 0-12","Creative, expressive, imaginative",Wellness,Weighted plush comfort toy,Gentle pressure that soothes at bedtime.,C,"Rs 1,500-5,000"
187,"Girls, 0-12","Creative, expressive, imaginative",Wellness,Aromatherapy dough / play kit,"Scented, squishy calm for over-stimulated days.",B,"Rs 500-1,500"
188,"Girls, 0-12","Creative, expressive, imaginative",Wellness,Affirmation card set for kids,"Daily confidence in bite-sized, kind reminders.",A,Rs 0-500
189,"Girls, 0-12","Creative, expressive, imaginative",Wellness,Bedtime meditation audio + book,Winds down racing minds without a screen.,B,"Rs 500-1,500"
190,"Girls, 0-12","Creative, expressive, imaginative",Wellness,Emotion-faces wooden puzzle,Playful emotional literacy for the youngest.,A,Rs 0-500
191,"Girls, 0-12","Creative, expressive, imaginative",Dress-Up & Fashion,Design-your-own fashion sketch kit,Stencils and pens for the budding designer.,B,"Rs 500-1,500"
192,"Girls, 0-12","Creative, expressive, imaginative",Dress-Up & Fashion,Dress-up costume + accessories trunk,A whole wardrobe for imaginative role-play.,C,"Rs 1,500-5,000"
193,"Girls, 0-12","Creative, expressive, imaginative",Dress-Up & Fashion,DIY hair-accessory making kit,"Clips, bows and bands she makes and wears.",B,"Rs 500-1,500"
194,"Girls, 0-12","Creative, expressive, imaginative",Dress-Up & Fashion,Fashion-design magnetic dress-up board,Mix-and-match outfits with no lost pieces.,B,"Rs 500-1,500"
195,"Girls, 0-12","Creative, expressive, imaginative",Dress-Up & Fashion,Kids' vanity + play-makeup (washable),"Safe, washable glam for dress-up days.",C,"Rs 1,500-5,000"
196,"Girls, 0-12","Creative, expressive, imaginative",Dress-Up & Fashion,Sewing-for-kids beginner kit,"A real, gentle first craft with wearable results.",B,"Rs 500-1,500"
197,"Girls, 0-12","Creative, expressive, imaginative",Dress-Up & Fashion,Personalised cape / superhero costume,Her name on a hero's cape; pure imagination fuel.,B,"Rs 500-1,500"
198,"Girls, 0-12","Creative, expressive, imaginative",Dress-Up & Fashion,Design-your-own T-shirt fabric kit,Wearable art she designs and shows off at school.,A,Rs 0-500
199,"Girls, 0-12","Creative, expressive, imaginative",Dress-Up & Fashion,Princess / fairy dress-up set,Classic imaginative play that never gets old.,C,"Rs 1,500-5,000"
200,"Girls, 0-12","Creative, expressive, imaginative",Dress-Up & Fashion,Kids' fashion runway sticker book,Style stories she creates page after page.,A,Rs 0-500
201,"Teen boys, 13-19","Identity, gaming, gear, hobbies",Tech & Gadgets,Handheld retro game console (500+ games),Nostalgic arcade in the pocket; instant crowd-pleaser.,B,"Rs 500-1,500"
202,"Teen boys, 13-19","Identity, gaming, gear, hobbies",Tech & Gadgets,Over-ear gaming headset with mic,Immersion and squad comms; a genuine gaming upgrade.,C,"Rs 1,500-5,000"
203,"Teen boys, 13-19","Identity, gaming, gear, hobbies",Tech & Gadgets,Mechanical keyboard (compact 60%),The clack that gamers obsess over; a desk statement.,C,"Rs 1,500-5,000"
204,"Teen boys, 13-19","Identity, gaming, gear, hobbies",Tech & Gadgets,RGB gaming mouse with programmable buttons,Precision and glow; the accessory every gamer notices.,B,"Rs 500-1,500"
205,"Teen boys, 13-19","Identity, gaming, gear, hobbies",Tech & Gadgets,Portable Bluetooth speaker (rugged),"Loud, drop-proof and travels to every hangout.",C,"Rs 1,500-5,000"
206,"Teen boys, 13-19","Identity, gaming, gear, hobbies",Tech & Gadgets,Smartwatch with fitness & notifications,Grown-up gadget that tracks runs and pings.,D,"Rs 5,000+"
207,"Teen boys, 13-19","Identity, gaming, gear, hobbies",Tech & Gadgets,Levitating / floating Bluetooth speaker,A floating speaker is pure conversation-starter magic.,D,"Rs 5,000+"
208,"Teen boys, 13-19","Identity, gaming, gear, hobbies",Tech & Gadgets,Phone gimbal stabiliser for creators,Smooth cinematic video for the aspiring YouTuber.,C,"Rs 1,500-5,000"
209,"Teen boys, 13-19","Identity, gaming, gear, hobbies",Tech & Gadgets,Wireless earbuds with low-latency mode,Gaming-grade audio without the wires.,C,"Rs 1,500-5,000"
210,"Teen boys, 13-19","Identity, gaming, gear, hobbies",Tech & Gadgets,Smart LED strip lights (app + music sync),"Turns any room into a synced, glowing setup.",B,"Rs 500-1,500"
211,"Teen boys, 13-19","Identity, gaming, gear, hobbies",Gaming Culture,Arc-reactor / superhero LED desk lamp,Collector-grade fan piece that owns the desk.,D,"Rs 5,000+"
212,"Teen boys, 13-19","Identity, gaming, gear, hobbies",Gaming Culture,Anime / game franchise collectible figure,Speaks his fandom fluently; display-worthy.,C,"Rs 1,500-5,000"
213,"Teen boys, 13-19","Identity, gaming, gear, hobbies",Gaming Culture,Controller charging dock station,Ends dead-controller frustration in style.,B,"Rs 500-1,500"
214,"Teen boys, 13-19","Identity, gaming, gear, hobbies",Gaming Culture,Gaming-desk cable & setup organiser kit,The clean-setup upgrade every gamer craves.,B,"Rs 500-1,500"
215,"Teen boys, 13-19","Identity, gaming, gear, hobbies",Gaming Culture,Retro tape-recorder voice keychain,Quirky mini-cassette that records and plays back.,A,Rs 0-500
216,"Teen boys, 13-19","Identity, gaming, gear, hobbies",Gaming Culture,Levitating moon / planet lamp,A floating lamp that defies gravity and expectations.,D,"Rs 5,000+"
217,"Teen boys, 13-19","Identity, gaming, gear, hobbies",Gaming Culture,Pixel-art night-light clock,Retro-game aesthetic meets a useful desk clock.,B,"Rs 500-1,500"
218,"Teen boys, 13-19","Identity, gaming, gear, hobbies",Gaming Culture,Fandom hoodie / graphic tee (personalised),"Wearable identity; his interests, his uniform.",B,"Rs 500-1,500"
219,"Teen boys, 13-19","Identity, gaming, gear, hobbies",Gaming Culture,Enamel-pin collection (game/anime),"Low-cost, high-meaning; badges of belonging.",A,Rs 0-500
220,"Teen boys, 13-19","Identity, gaming, gear, hobbies",Gaming Culture,Custom gamertag neon sign,His handle in light; the ultimate setup flex.,C,"Rs 1,500-5,000"
221,"Teen boys, 13-19","Identity, gaming, gear, hobbies",Fitness & Sport,Adjustable dumbbell set,Home strength training that scales as he grows.,C,"Rs 1,500-5,000"
222,"Teen boys, 13-19","Identity, gaming, gear, hobbies",Fitness & Sport,Football / basketball (pro grade),A serious ball for the kid who lives for the game.,B,"Rs 500-1,500"
223,"Teen boys, 13-19","Identity, gaming, gear, hobbies",Fitness & Sport,Resistance-band home workout kit,Full-body training that fits in a drawer.,B,"Rs 500-1,500"
224,"Teen boys, 13-19","Identity, gaming, gear, hobbies",Fitness & Sport,"Skateboard (complete, quality trucks)","A real board is a hobby, a friend group, an identity.",C,"Rs 1,500-5,000"
225,"Teen boys, 13-19","Identity, gaming, gear, hobbies",Fitness & Sport,Fitness tracker band,Gamifies movement; steps become a personal challenge.,B,"Rs 500-1,500"
226,"Teen boys, 13-19","Identity, gaming, gear, hobbies",Fitness & Sport,Boxing gloves + hand-wrap set,"Discipline, fitness and a serious stress outlet.",C,"Rs 1,500-5,000"
227,"Teen boys, 13-19","Identity, gaming, gear, hobbies",Fitness & Sport,Insulated gym / sports water bottle,"Practical, sturdy and quietly cool.",B,"Rs 500-1,500"
228,"Teen boys, 13-19","Identity, gaming, gear, hobbies",Fitness & Sport,Pull-up bar (doorway),No-excuse strength gains in the bedroom doorway.,B,"Rs 500-1,500"
229,"Teen boys, 13-19","Identity, gaming, gear, hobbies",Fitness & Sport,"Cricket bat (English willow, junior)",For the serious young cricketer; a treasured upgrade.,D,"Rs 5,000+"
230,"Teen boys, 13-19","Identity, gaming, gear, hobbies",Fitness & Sport,Balance / wobble board trainer,Core and coordination for board-sport crossover.,B,"Rs 500-1,500"
231,"Teen boys, 13-19","Identity, gaming, gear, hobbies",Music & Creation,USB podcast / studio microphone,"Launchpad for podcasts, streams and music.",C,"Rs 1,500-5,000"
232,"Teen boys, 13-19","Identity, gaming, gear, hobbies",Music & Creation,Beginner electric guitar starter pack,"The instrument that defines a teenage phase, gloriously.",D,"Rs 5,000+"
233,"Teen boys, 13-19","Identity, gaming, gear, hobbies",Music & Creation,MIDI mini keyboard for music production,Bedroom-producer starter for the beat-maker.,C,"Rs 1,500-5,000"
234,"Teen boys, 13-19","Identity, gaming, gear, hobbies",Music & Creation,Lo-fi beat-making pad controller,Finger-drumming fun that becomes real production.,C,"Rs 1,500-5,000"
235,"Teen boys, 13-19","Identity, gaming, gear, hobbies",Music & Creation,Vinyl record player (portable),Analog cool for the teen with taste.,D,"Rs 5,000+"
236,"Teen boys, 13-19","Identity, gaming, gear, hobbies",Music & Creation,Guitar effects pedal (multi-fx),Unlocks a hundred tones for the guitarist.,C,"Rs 1,500-5,000"
237,"Teen boys, 13-19","Identity, gaming, gear, hobbies",Music & Creation,Ring light + phone tripod creator kit,"Studio lighting for content, calls and covers.",B,"Rs 500-1,500"
238,"Teen boys, 13-19","Identity, gaming, gear, hobbies",Music & Creation,DJ controller (beginner),Mix tracks at parties; a genuinely social hobby.,D,"Rs 5,000+"
239,"Teen boys, 13-19","Identity, gaming, gear, hobbies",Music & Creation,Acoustic guitar (quality beginner),"Timeless, portable and endlessly re-giftable joy.",C,"Rs 1,500-5,000"
240,"Teen boys, 13-19","Identity, gaming, gear, hobbies",Music & Creation,Kalimba / handpan (portable),"Soothing, instantly playable and impressively different.",B,"Rs 500-1,500"
241,"Teen boys, 13-19","Identity, gaming, gear, hobbies",Desk & Study,Aesthetic desk-setup starter bundle,"Mat, stand and organiser; an instant glow-up.",C,"Rs 1,500-5,000"
242,"Teen boys, 13-19","Identity, gaming, gear, hobbies",Desk & Study,Laptop stand + wireless keyboard combo,Ergonomic upgrade for study and gaming alike.,C,"Rs 1,500-5,000"
243,"Teen boys, 13-19","Identity, gaming, gear, hobbies",Desk & Study,Monitor light bar (eye-care),Reduces late-night eye strain; premium desk vibe.,C,"Rs 1,500-5,000"
244,"Teen boys, 13-19","Identity, gaming, gear, hobbies",Desk & Study,Noise-cancelling study headphones,Focus armour for exam season and open homes.,D,"Rs 5,000+"
245,"Teen boys, 13-19","Identity, gaming, gear, hobbies",Desk & Study,Personalised motivational desk mat,"His name, his goals, under his keyboard daily.",B,"Rs 500-1,500"
246,"Teen boys, 13-19","Identity, gaming, gear, hobbies",Desk & Study,Smart study lamp with timer,Pomodoro-friendly lighting for focused sessions.,C,"Rs 1,500-5,000"
247,"Teen boys, 13-19","Identity, gaming, gear, hobbies",Desk & Study,Cable-management & charging valet,Tidy tech; the small upgrade that feels premium.,B,"Rs 500-1,500"
248,"Teen boys, 13-19","Identity, gaming, gear, hobbies",Desk & Study,Digital drawing tablet (entry),For the doodler ready to go digital.,D,"Rs 5,000+"
249,"Teen boys, 13-19","Identity, gaming, gear, hobbies",Desk & Study,Whiteboard + habit-tracker desk set,Turns goals visible; quietly powerful for teens.,B,"Rs 500-1,500"
250,"Teen boys, 13-19","Identity, gaming, gear, hobbies",Desk & Study,Blue-light glasses (stylish),Screen comfort with a look he'll actually wear.,B,"Rs 500-1,500"
251,"Teen boys, 13-19","Identity, gaming, gear, hobbies",Style & Accessories,Minimalist leather-strap watch,A first grown-up watch; understated and lasting.,C,"Rs 1,500-5,000"
252,"Teen boys, 13-19","Identity, gaming, gear, hobbies",Style & Accessories,Personalised leather wallet,Engraved everyday carry that says he matters.,B,"Rs 500-1,500"
253,"Teen boys, 13-19","Identity, gaming, gear, hobbies",Style & Accessories,Streetwear crossbody sling bag,"On-trend, practical and effortlessly cool.",B,"Rs 500-1,500"
254,"Teen boys, 13-19","Identity, gaming, gear, hobbies",Style & Accessories,"Sunglasses (polarised, trend cut)",Instant confidence; a look he'll live in.,B,"Rs 500-1,500"
255,"Teen boys, 13-19","Identity, gaming, gear, hobbies",Style & Accessories,Beanie + graphic-sock gift bundle,Low-stakes fun style pieces teens genuinely wear.,A,Rs 0-500
256,"Teen boys, 13-19","Identity, gaming, gear, hobbies",Style & Accessories,Personalised dog-tag / chain,Subtle identity jewellery with his name or date.,B,"Rs 500-1,500"
257,"Teen boys, 13-19","Identity, gaming, gear, hobbies",Style & Accessories,Cap collection (snapback set),"Everyday headwear; safe, on-point, appreciated.",B,"Rs 500-1,500"
258,"Teen boys, 13-19","Identity, gaming, gear, hobbies",Style & Accessories,Perfume / body-spray gift set,The teenage grooming upgrade they secretly want.,B,"Rs 500-1,500"
259,"Teen boys, 13-19","Identity, gaming, gear, hobbies",Style & Accessories,Canvas high-top sneakers,A wardrobe staple with real personality.,C,"Rs 1,500-5,000"
260,"Teen boys, 13-19","Identity, gaming, gear, hobbies",Style & Accessories,Weekender duffel for trips,Grown-up travel gear for the independence years.,C,"Rs 1,500-5,000"
261,"Teen boys, 13-19","Identity, gaming, gear, hobbies",Hobbies & Making,Beginner DSLR / mirrorless (used-grade),For the teen serious about photography as an art.,D,"Rs 5,000+"
262,"Teen boys, 13-19","Identity, gaming, gear, hobbies",Hobbies & Making,Astronomy telescope (intermediate),Rings of Saturn from the terrace; awe on tap.,D,"Rs 5,000+"
263,"Teen boys, 13-19","Identity, gaming, gear, hobbies",Hobbies & Making,Model-building kit (car/aircraft/Gundam),"Patience, focus and a display piece at the end.",C,"Rs 1,500-5,000"
264,"Teen boys, 13-19","Identity, gaming, gear, hobbies",Hobbies & Making,Skateboard / longboard tool & wheel kit,For the boarder who tinkers with his ride.,B,"Rs 500-1,500"
265,"Teen boys, 13-19","Identity, gaming, gear, hobbies",Hobbies & Making,"Drone (beginner, camera)",Aerial video and pure flying fun; huge wow factor.,D,"Rs 5,000+"
266,"Teen boys, 13-19","Identity, gaming, gear, hobbies",Hobbies & Making,Leathercraft starter kit,"Make a real wallet; a rare, tactile modern skill.",C,"Rs 1,500-5,000"
267,"Teen boys, 13-19","Identity, gaming, gear, hobbies",Hobbies & Making,Chess set + strategy book bundle,Fuels a competitive mind; timeless and portable.,B,"Rs 500-1,500"
268,"Teen boys, 13-19","Identity, gaming, gear, hobbies",Hobbies & Making,Rubik's-cube speedsolving pro set,A genuine skill and party trick in one.,B,"Rs 500-1,500"
269,"Teen boys, 13-19","Identity, gaming, gear, hobbies",Hobbies & Making,3D-printing pen (advanced),Draws objects in mid-air; endless making.,C,"Rs 1,500-5,000"
270,"Teen boys, 13-19","Identity, gaming, gear, hobbies",Hobbies & Making,Calligraphy / brush-lettering kit,"A calming, screen-free creative outlet with real payoff.",B,"Rs 500-1,500"
271,"Teen boys, 13-19","Identity, gaming, gear, hobbies",Everyday Utility,EDC multitool card (wallet-sized),Twelve tools in a card; feels like a superpower.,A,Rs 0-500
272,"Teen boys, 13-19","Identity, gaming, gear, hobbies",Everyday Utility,Windproof rechargeable arc lighter,"Flameless, USB-charged and genuinely handy-cool.",A,Rs 0-500
273,"Teen boys, 13-19","Identity, gaming, gear, hobbies",Everyday Utility,Compact power bank (fast charge),Never-dead phone; the gift that quietly saves days.,B,"Rs 500-1,500"
274,"Teen boys, 13-19","Identity, gaming, gear, hobbies",Everyday Utility,Magnetic phone-mount + charger,Desk and travel convenience in one clean gadget.,B,"Rs 500-1,500"
275,"Teen boys, 13-19","Identity, gaming, gear, hobbies",Everyday Utility,Mini portable vacuum for desk/car,Oddly satisfying and actually useful for setups.,A,Rs 0-500
276,"Teen boys, 13-19","Identity, gaming, gear, hobbies",Everyday Utility,Keychain LED torch multitool,Pocket utility with a bottle-opener grin.,A,Rs 0-500
277,"Teen boys, 13-19","Identity, gaming, gear, hobbies",Everyday Utility,Digital luggage / gym-bag scale,"Small, clever and appreciated for years.",A,Rs 0-500
278,"Teen boys, 13-19","Identity, gaming, gear, hobbies",Everyday Utility,Sneaker-cleaning care kit,Keeps his prized kicks fresh; thoughtful and specific.,B,"Rs 500-1,500"
279,"Teen boys, 13-19","Identity, gaming, gear, hobbies",Everyday Utility,Insulated flask that keeps ice 24h,"Practical flex for school, gym and treks.",B,"Rs 500-1,500"
280,"Teen boys, 13-19","Identity, gaming, gear, hobbies",Everyday Utility,Fidget mechanical-switch keychain,Satisfying clicky stress-relief he'll carry everywhere.,A,Rs 0-500
281,"Teen boys, 13-19","Identity, gaming, gear, hobbies",Skills & Side-Hustle,Beginner coding / robotics kit (teen),"Turns screen time into a real, future-proof skill.",C,"Rs 1,500-5,000"
282,"Teen boys, 13-19","Identity, gaming, gear, hobbies",Skills & Side-Hustle,Content-creator lighting + mic bundle,Everything to start a channel or podcast well.,C,"Rs 1,500-5,000"
283,"Teen boys, 13-19","Identity, gaming, gear, hobbies",Skills & Side-Hustle,Stock-market / finance board game,Teaches money smarts through genuinely fun play.,B,"Rs 500-1,500"
284,"Teen boys, 13-19","Identity, gaming, gear, hobbies",Skills & Side-Hustle,Beginner sneaker / thrift-flip kit,Feeds the reselling side-hustle bug creatively.,B,"Rs 500-1,500"
285,"Teen boys, 13-19","Identity, gaming, gear, hobbies",Skills & Side-Hustle,DIY electronics invention kit,Build real gadgets; a maker's launchpad.,C,"Rs 1,500-5,000"
286,"Teen boys, 13-19","Identity, gaming, gear, hobbies",Skills & Side-Hustle,Photography 'learn manual mode' course kit,Levels up a hobby into a genuine skill.,C,"Rs 1,500-5,000"
287,"Teen boys, 13-19","Identity, gaming, gear, hobbies",Skills & Side-Hustle,Public-speaking / debate skills book set,Confidence tools for the ambitious teen.,A,Rs 0-500
288,"Teen boys, 13-19","Identity, gaming, gear, hobbies",Skills & Side-Hustle,3D-printing pen + project book,Designs objects in mid-air; endless making.,C,"Rs 1,500-5,000"
289,"Teen boys, 13-19","Identity, gaming, gear, hobbies",Skills & Side-Hustle,Chess-improvement course + set,Sharpens strategy for the competitive mind.,B,"Rs 500-1,500"
290,"Teen boys, 13-19","Identity, gaming, gear, hobbies",Skills & Side-Hustle,Digital-art tablet starter,For the doodler ready to go pro-digital.,D,"Rs 5,000+"
291,"Teen boys, 13-19","Identity, gaming, gear, hobbies",Adventure & Outdoors,Beginner slackline kit,"Balance, focus and outdoor fun in one line.",B,"Rs 500-1,500"
292,"Teen boys, 13-19","Identity, gaming, gear, hobbies",Adventure & Outdoors,Camping starter kit (tent + gear),Fuels weekend adventures and independence.,D,"Rs 5,000+"
293,"Teen boys, 13-19","Identity, gaming, gear, hobbies",Adventure & Outdoors,Skateboard / longboard (quality),"A board is a hobby, a crew and an identity.",C,"Rs 1,500-5,000"
294,"Teen boys, 13-19","Identity, gaming, gear, hobbies",Adventure & Outdoors,Mountain-bike accessories bundle,"Lights, tools and gear for the trail-rider.",C,"Rs 1,500-5,000"
295,"Teen boys, 13-19","Identity, gaming, gear, hobbies",Adventure & Outdoors,Trekking daypack + hydration bladder,Ready-to-go gear for the hills-loving teen.,C,"Rs 1,500-5,000"
296,"Teen boys, 13-19","Identity, gaming, gear, hobbies",Adventure & Outdoors,"Action camera (rugged, waterproof)","Captures every jump, ride and dive in HD.",D,"Rs 5,000+"
297,"Teen boys, 13-19","Identity, gaming, gear, hobbies",Adventure & Outdoors,Bouldering / climbing-gym pass,"A social, strength-building adventure hobby.",C,"Rs 1,500-5,000"
298,"Teen boys, 13-19","Identity, gaming, gear, hobbies",Adventure & Outdoors,Fishing starter rod-and-tackle kit,"A calm, patient outdoor pastime.",C,"Rs 1,500-5,000"
299,"Teen boys, 13-19","Identity, gaming, gear, hobbies",Adventure & Outdoors,Portable inflatable kayak / SUP,Water adventures without a boat or storage.,D,"Rs 5,000+"
300,"Teen boys, 13-19","Identity, gaming, gear, hobbies",Adventure & Outdoors,Survival / EDC outdoor multitool kit,Feels like a superpower on every camping trip.,B,"Rs 500-1,500"
301,"Teen girls, 13-19","Aesthetic, creative, self-expression",Aesthetic & Room,Personalised name LED neon sign,The Pinterest-room centrepiece she's been eyeing.,C,"Rs 1,500-5,000"
302,"Teen girls, 13-19","Aesthetic, creative, self-expression",Aesthetic & Room,Galaxy / sunset projector lamp,Transforms the room's mood in one click.,B,"Rs 500-1,500"
303,"Teen girls, 13-19","Aesthetic, creative, self-expression",Aesthetic & Room,Fairy-light photo-clip curtain,Turns her memories into glowing wall art.,A,Rs 0-500
304,"Teen girls, 13-19","Aesthetic, creative, self-expression",Aesthetic & Room,Instant / mini photo printer,Prints phone pics on the spot; deeply loved by teens.,D,"Rs 5,000+"
305,"Teen girls, 13-19","Aesthetic, creative, self-expression",Aesthetic & Room,Corkboard + polaroid memory kit,A curated wall of friendships and trips.,B,"Rs 500-1,500"
306,"Teen girls, 13-19","Aesthetic, creative, self-expression",Aesthetic & Room,Aesthetic desk-organiser bundle,"Pretty, functional and endlessly rearranged.",B,"Rs 500-1,500"
307,"Teen girls, 13-19","Aesthetic, creative, self-expression",Aesthetic & Room,Cloud / moon ambient night lamp,"Soft, dreamy light for reading and winding down.",B,"Rs 500-1,500"
308,"Teen girls, 13-19","Aesthetic, creative, self-expression",Aesthetic & Room,Custom Spotify-code framed poster,"Her favourite song, scannable, on the wall.",B,"Rs 500-1,500"
309,"Teen girls, 13-19","Aesthetic, creative, self-expression",Aesthetic & Room,Boho macramé wall hanging,On-trend texture that levels up any corner.,B,"Rs 500-1,500"
310,"Teen girls, 13-19","Aesthetic, creative, self-expression",Aesthetic & Room,Rainbow / disco projector mood light,Party-in-a-room lighting for get-togethers.,B,"Rs 500-1,500"
311,"Teen girls, 13-19","Aesthetic, creative, self-expression",Self-Care & Beauty,At-home spa gift hamper,A full pamper night in a beautiful box.,C,"Rs 1,500-5,000"
312,"Teen girls, 13-19","Aesthetic, creative, self-expression",Self-Care & Beauty,Skincare starter fridge (mini),"Chills her serums; a viral, coveted upgrade.",D,"Rs 5,000+"
313,"Teen girls, 13-19","Aesthetic, creative, self-expression",Self-Care & Beauty,Personalised jade-roller & gua-sha set,Ritual self-care with a gift-worthy finish.,B,"Rs 500-1,500"
314,"Teen girls, 13-19","Aesthetic, creative, self-expression",Self-Care & Beauty,DIY natural cosmetics-making kit,Make lip balm and scrubs; creative and useful.,B,"Rs 500-1,500"
315,"Teen girls, 13-19","Aesthetic, creative, self-expression",Self-Care & Beauty,Bath-bomb & candle self-care box,Instant unwind ritual after a long school week.,B,"Rs 500-1,500"
316,"Teen girls, 13-19","Aesthetic, creative, self-expression",Self-Care & Beauty,Silk pillowcase + scrunchie set,Gentle-on-hair luxury she'll notice nightly.,B,"Rs 500-1,500"
317,"Teen girls, 13-19","Aesthetic, creative, self-expression",Self-Care & Beauty,Hair-styling tools starter kit,Salon looks at home; genuinely used daily.,C,"Rs 1,500-5,000"
318,"Teen girls, 13-19","Aesthetic, creative, self-expression",Self-Care & Beauty,Perfume-discovery sampler set,Finds her signature scent without a big spend.,B,"Rs 500-1,500"
319,"Teen girls, 13-19","Aesthetic, creative, self-expression",Self-Care & Beauty,Aromatherapy diffuser + oils,Calming ambience and self-care in one.,B,"Rs 500-1,500"
320,"Teen girls, 13-19","Aesthetic, creative, self-expression",Self-Care & Beauty,Personalised makeup / vanity bag,Organised beauty with her name on it.,B,"Rs 500-1,500"
321,"Teen girls, 13-19","Aesthetic, creative, self-expression",Creative & Art,Digital drawing tablet (entry),For the doodler ready to make digital art seriously.,D,"Rs 5,000+"
322,"Teen girls, 13-19","Aesthetic, creative, self-expression",Creative & Art,Watercolour + brush-pen art set,"A calming, expressive hobby with lovely results.",B,"Rs 500-1,500"
323,"Teen girls, 13-19","Aesthetic, creative, self-expression",Creative & Art,Diamond-painting art kit,Meditative sparkle-art that ends framed on the wall.,A,Rs 0-500
324,"Teen girls, 13-19","Aesthetic, creative, self-expression",Creative & Art,Embroidery / punch-needle starter kit,"A slow, satisfying craft with heirloom charm.",B,"Rs 500-1,500"
325,"Teen girls, 13-19","Aesthetic, creative, self-expression",Creative & Art,Hand-lettering & calligraphy kit,Turns notes and cards into art; genuinely useful.,B,"Rs 500-1,500"
326,"Teen girls, 13-19","Aesthetic, creative, self-expression",Creative & Art,DIY candle-making studio,"Scented, giftable results; a whole aesthetic hobby.",B,"Rs 500-1,500"
327,"Teen girls, 13-19","Aesthetic, creative, self-expression",Creative & Art,Resin art & coaster-making kit,"Glossy, giftable pieces; creative and on-trend.",B,"Rs 500-1,500"
328,"Teen girls, 13-19","Aesthetic, creative, self-expression",Creative & Art,Pottery / clay air-dry kit,Handmade trinket dishes and mugs; therapeutic.,B,"Rs 500-1,500"
329,"Teen girls, 13-19","Aesthetic, creative, self-expression",Creative & Art,Sketchbook + pro pencil set,Quality tools that take a hobby seriously.,B,"Rs 500-1,500"
330,"Teen girls, 13-19","Aesthetic, creative, self-expression",Creative & Art,Sticker-making & journaling kit,Fuels the journaling and scrapbooking obsession.,A,Rs 0-500
331,"Teen girls, 13-19","Aesthetic, creative, self-expression",Journaling,Personalised leather journal + pen,"A private, beautiful space with her name embossed.",B,"Rs 500-1,500"
332,"Teen girls, 13-19","Aesthetic, creative, self-expression",Journaling,Aesthetic bullet-journal starter set,"Washi, stencils and pens; the full BuJo kit.",B,"Rs 500-1,500"
333,"Teen girls, 13-19","Aesthetic, creative, self-expression",Journaling,Guided self-discovery / manifestation journal,"Structured prompts for goals, gratitude and growth.",B,"Rs 500-1,500"
334,"Teen girls, 13-19","Aesthetic, creative, self-expression",Journaling,Custom 12-month photo planner,Her memories built into her daily planning.,B,"Rs 500-1,500"
335,"Teen girls, 13-19","Aesthetic, creative, self-expression",Journaling,Vision-board DIY kit,Turns dreams visible; a genuine mindset tool.,B,"Rs 500-1,500"
336,"Teen girls, 13-19","Aesthetic, creative, self-expression",Journaling,Wax-seal & letter-writing set,Old-world romance for the sentimental writer.,B,"Rs 500-1,500"
337,"Teen girls, 13-19","Aesthetic, creative, self-expression",Journaling,Sticker + washi-tape mega bundle,Endless supplies for the decorating addict.,A,Rs 0-500
338,"Teen girls, 13-19","Aesthetic, creative, self-expression",Journaling,One-line-a-day 5-year memory book,A tiny daily habit that becomes a treasure.,B,"Rs 500-1,500"
339,"Teen girls, 13-19","Aesthetic, creative, self-expression",Journaling,Reading-log + book-tracker journal,For the bookworm who loves logging her reads.,A,Rs 0-500
340,"Teen girls, 13-19","Aesthetic, creative, self-expression",Journaling,Gratitude + affirmation card deck,"Daily grounding in small, kind reminders.",A,Rs 0-500
341,"Teen girls, 13-19","Aesthetic, creative, self-expression",Music & Pop,Instant photo + music combo gift,Prints and playlists; peak teen sentimentality.,C,"Rs 1,500-5,000"
342,"Teen girls, 13-19","Aesthetic, creative, self-expression",Music & Pop,Vinyl record of a favourite artist,Analog love for the fan with taste.,C,"Rs 1,500-5,000"
343,"Teen girls, 13-19","Aesthetic, creative, self-expression",Music & Pop,Fandom merch bundle (band/show),Speaks her fandom fluently; instantly beloved.,B,"Rs 500-1,500"
344,"Teen girls, 13-19","Aesthetic, creative, self-expression",Music & Pop,Aesthetic wireless earbuds,Pretty and practical; worn every single day.,C,"Rs 1,500-5,000"
345,"Teen girls, 13-19","Aesthetic, creative, self-expression",Music & Pop,Beginner ukulele + songbook,"Cute, portable and genuinely learnable.",C,"Rs 1,500-5,000"
346,"Teen girls, 13-19","Aesthetic, creative, self-expression",Music & Pop,Karaoke mic + speaker,Sleepover superstar energy in one gadget.,B,"Rs 500-1,500"
347,"Teen girls, 13-19","Aesthetic, creative, self-expression",Music & Pop,Concert-ticket / experience voucher,"A memory, not a thing; the gold-standard gift.",D,"Rs 5,000+"
348,"Teen girls, 13-19","Aesthetic, creative, self-expression",Music & Pop,Custom song-lyric framed art,Her anthem on the wall; deeply personal.,B,"Rs 500-1,500"
349,"Teen girls, 13-19","Aesthetic, creative, self-expression",Music & Pop,Enamel-pin / patch collection,Low-cost identity pieces for bag and jacket.,A,Rs 0-500
350,"Teen girls, 13-19","Aesthetic, creative, self-expression",Music & Pop,Polaroid + concert-memory scrapbook kit,A place to keep the nights that mattered.,B,"Rs 500-1,500"
351,"Teen girls, 13-19","Aesthetic, creative, self-expression",Fashion,Personalised name / initial necklace,The dainty everyday piece she'll never take off.,B,"Rs 500-1,500"
352,"Teen girls, 13-19","Aesthetic, creative, self-expression",Fashion,Charm bracelet + starter charms,A story on the wrist; add to it for years.,B,"Rs 500-1,500"
353,"Teen girls, 13-19","Aesthetic, creative, self-expression",Fashion,Trendy crossbody / baguette bag,The 'it' bag that finishes every outfit.,C,"Rs 1,500-5,000"
354,"Teen girls, 13-19","Aesthetic, creative, self-expression",Fashion,Birthstone jewellery piece,"Personal, meaningful and quietly special.",B,"Rs 500-1,500"
355,"Teen girls, 13-19","Aesthetic, creative, self-expression",Fashion,Custom embroidered tote / denim,Wearable art personalised just for her.,B,"Rs 500-1,500"
356,"Teen girls, 13-19","Aesthetic, creative, self-expression",Fashion,Layered-necklace / ring stack set,On-trend stacking pieces for endless combos.,B,"Rs 500-1,500"
357,"Teen girls, 13-19","Aesthetic, creative, self-expression",Fashion,Statement sunglasses,Instant confidence and a whole vibe.,B,"Rs 500-1,500"
358,"Teen girls, 13-19","Aesthetic, creative, self-expression",Fashion,Silk scarf (versatile styling),"Hair, bag or neck; a grown-up style unlock.",B,"Rs 500-1,500"
359,"Teen girls, 13-19","Aesthetic, creative, self-expression",Fashion,Personalised phone case (photo/name),A daily-carry item made unmistakably hers.,A,Rs 0-500
360,"Teen girls, 13-19","Aesthetic, creative, self-expression",Fashion,Cosy oversized hoodie / co-ord,The comfort-core piece she'll practically live in.,C,"Rs 1,500-5,000"
361,"Teen girls, 13-19","Aesthetic, creative, self-expression",Wellness,Yoga mat + starter accessories,"Encourages a calming, healthy movement habit.",C,"Rs 1,500-5,000"
362,"Teen girls, 13-19","Aesthetic, creative, self-expression",Wellness,Meditation / mindfulness app gift card,A year of calm; wellbeing that keeps giving.,B,"Rs 500-1,500"
363,"Teen girls, 13-19","Aesthetic, creative, self-expression",Wellness,Self-care subscription box (3 months),"Monthly delight and pampering, delivered.",D,"Rs 5,000+"
364,"Teen girls, 13-19","Aesthetic, creative, self-expression",Wellness,Herbal tea sampler + infuser mug,"A cosy, calming daily ritual in a cup.",B,"Rs 500-1,500"
365,"Teen girls, 13-19","Aesthetic, creative, self-expression",Wellness,Weighted blanket (single),"Anxiety-easing comfort with real, felt benefit.",D,"Rs 5,000+"
366,"Teen girls, 13-19","Aesthetic, creative, self-expression",Wellness,Sunrise alarm clock (wake light),Gentler mornings for the notoriously sleepy teen.,C,"Rs 1,500-5,000"
367,"Teen girls, 13-19","Aesthetic, creative, self-expression",Wellness,Acupressure relaxation mat,"A surprising, effective stress-melting tool.",B,"Rs 500-1,500"
368,"Teen girls, 13-19","Aesthetic, creative, self-expression",Wellness,Reusable water bottle (motivational),Nudges hydration with time-marker fun.,B,"Rs 500-1,500"
369,"Teen girls, 13-19","Aesthetic, creative, self-expression",Wellness,Sleep-story + soundscape speaker,Winds down a racing mind without a screen.,C,"Rs 1,500-5,000"
370,"Teen girls, 13-19","Aesthetic, creative, self-expression",Wellness,Desk plant + care kit,A living companion that teaches gentle responsibility.,A,Rs 0-500
371,"Teen girls, 13-19","Aesthetic, creative, self-expression",Experiences,Pottery / paint-studio experience voucher,A memorable day out with a friend or parent.,C,"Rs 1,500-5,000"
372,"Teen girls, 13-19","Aesthetic, creative, self-expression",Experiences,Baking / dessert workshop voucher,Learns a skill and eats the delicious homework.,C,"Rs 1,500-5,000"
373,"Teen girls, 13-19","Aesthetic, creative, self-expression",Experiences,Photoshoot / self-portrait session,Feel-good confidence and forever photos.,D,"Rs 5,000+"
374,"Teen girls, 13-19","Aesthetic, creative, self-expression",Experiences,Adventure day (zip-line/kayak) voucher,Adrenaline memories that beat any object.,C,"Rs 1,500-5,000"
375,"Teen girls, 13-19","Aesthetic, creative, self-expression",Experiences,Personalised star-map of a special date,"The night sky of a moment that mattered, framed.",B,"Rs 500-1,500"
376,"Teen girls, 13-19","Aesthetic, creative, self-expression",Experiences,Custom illustrated portrait (from photo),Her likeness as art; treasured and unique.,B,"Rs 500-1,500"
377,"Teen girls, 13-19","Aesthetic, creative, self-expression",Experiences,Movie / theme-park experience pass,A guaranteed-fun day she gets to plan.,C,"Rs 1,500-5,000"
378,"Teen girls, 13-19","Aesthetic, creative, self-expression",Experiences,Dance / art class package,"Feeds a passion with real, ongoing lessons.",C,"Rs 1,500-5,000"
379,"Teen girls, 13-19","Aesthetic, creative, self-expression",Experiences,Personalised song / voice-note frame,Play a loved one's message from a keepsake frame.,B,"Rs 500-1,500"
380,"Teen girls, 13-19","Aesthetic, creative, self-expression",Experiences,Memory-jar + 365-notes kit,A year of little messages to open one by one.,A,Rs 0-500
381,"Teen girls, 13-19","Aesthetic, creative, self-expression",Baking & Food,Aesthetic baking starter kit,Everything for a first Insta-worthy bake.,B,"Rs 500-1,500"
382,"Teen girls, 13-19","Aesthetic, creative, self-expression",Baking & Food,DIY chocolate-making kit,"Sweet, creative and shareable results.",B,"Rs 500-1,500"
383,"Teen girls, 13-19","Aesthetic, creative, self-expression",Baking & Food,Personalised apron + baking tools,"Cute, useful gear for the home baker.",B,"Rs 500-1,500"
384,"Teen girls, 13-19","Aesthetic, creative, self-expression",Baking & Food,Cake-decorating / piping set,Turns simple bakes into showstoppers.,B,"Rs 500-1,500"
385,"Teen girls, 13-19","Aesthetic, creative, self-expression",Baking & Food,Bubble-tea / mocktail-making kit,On-trend drinks she makes for friends.,B,"Rs 500-1,500"
386,"Teen girls, 13-19","Aesthetic, creative, self-expression",Baking & Food,Cookbook for teens (easy recipes),"Builds real, confidence-boosting kitchen skills.",B,"Rs 500-1,500"
387,"Teen girls, 13-19","Aesthetic, creative, self-expression",Baking & Food,DIY dessert-jar / no-bake kit,"Pretty, easy treats with zero oven stress.",A,Rs 0-500
388,"Teen girls, 13-19","Aesthetic, creative, self-expression",Baking & Food,Ice-cream / kulfi-making kit,Homemade frozen treats; a fun summer project.,B,"Rs 500-1,500"
389,"Teen girls, 13-19","Aesthetic, creative, self-expression",Baking & Food,Macaron / cookie baking set,"An ambitious, rewarding bake for the enthusiast.",C,"Rs 1,500-5,000"
390,"Teen girls, 13-19","Aesthetic, creative, self-expression",Baking & Food,Personalised recipe-journal,A keepsake home for her favourite creations.,A,Rs 0-500
391,"Teen girls, 13-19","Aesthetic, creative, self-expression",Sustainable & Trendy,Reusable coffee cup + tote set,On-trend eco-swaps she'll actually carry.,B,"Rs 500-1,500"
392,"Teen girls, 13-19","Aesthetic, creative, self-expression",Sustainable & Trendy,DIY upcycled-fashion kit,Turns old clothes into new statement pieces.,B,"Rs 500-1,500"
393,"Teen girls, 13-19","Aesthetic, creative, self-expression",Sustainable & Trendy,Bamboo / eco self-care bundle,Plastic-free swaps for the conscious teen.,B,"Rs 500-1,500"
394,"Teen girls, 13-19","Aesthetic, creative, self-expression",Sustainable & Trendy,Seed-paper / grow-your-own stationery,Notes that literally bloom into plants.,A,Rs 0-500
395,"Teen girls, 13-19","Aesthetic, creative, self-expression",Sustainable & Trendy,Thrift-flip sewing starter kit,Refashions finds into unique wardrobe wins.,B,"Rs 500-1,500"
396,"Teen girls, 13-19","Aesthetic, creative, self-expression",Sustainable & Trendy,Solar-powered fairy-light set,Eco room-glow with zero electricity cost.,B,"Rs 500-1,500"
397,"Teen girls, 13-19","Aesthetic, creative, self-expression",Sustainable & Trendy,Reusable makeup-remover pad set,"A small, gift-worthy sustainable swap.",A,Rs 0-500
398,"Teen girls, 13-19","Aesthetic, creative, self-expression",Sustainable & Trendy,DIY natural-cosmetics kit,Make clean beauty products she chooses.,B,"Rs 500-1,500"
399,"Teen girls, 13-19","Aesthetic, creative, self-expression",Sustainable & Trendy,Recycled-material trendy backpack,Style with a conscience for daily carry.,C,"Rs 1,500-5,000"
400,"Teen girls, 13-19","Aesthetic, creative, self-expression",Sustainable & Trendy,Plantable herb / flower grow-kit,"A cute, rewarding intro to green living.",A,Rs 0-500
401,"Men, 20-35","EDC, tech, fitness, first salary energy",EDC & Gadgets,Titanium / steel EDC multitool,Pocket capability that feels like a grown-up upgrade.,C,"Rs 1,500-5,000"
402,"Men, 20-35","EDC, tech, fitness, first salary energy",EDC & Gadgets,Fast-charging 3-in-1 wireless dock,"Phone, watch and buds charge on one clean pad.",C,"Rs 1,500-5,000"
403,"Men, 20-35","EDC, tech, fitness, first salary energy",EDC & Gadgets,Compact 10000mAh power bank (22.5W),Never-dead phone; the quietly essential daily hero.,B,"Rs 500-1,500"
404,"Men, 20-35","EDC, tech, fitness, first salary energy",EDC & Gadgets,Smart tracker tag (for keys/wallet),Ends the frantic morning search forever.,B,"Rs 500-1,500"
405,"Men, 20-35","EDC, tech, fitness, first salary energy",EDC & Gadgets,Rechargeable arc lighter (windproof),"Flameless, sleek and genuinely useful gadget-cool.",A,Rs 0-500
406,"Men, 20-35","EDC, tech, fitness, first salary energy",EDC & Gadgets,Mini portable vacuum (car/desk),Oddly satisfying; keeps his setup spotless.,A,Rs 0-500
407,"Men, 20-35","EDC, tech, fitness, first salary energy",EDC & Gadgets,Bluetooth tracker card (wallet-thin),"Slips into any wallet; peace of mind, gifted.",B,"Rs 500-1,500"
408,"Men, 20-35","EDC, tech, fitness, first salary energy",EDC & Gadgets,Magnetic cable-organiser set,"Small fix, big daily satisfaction for a tidy desk.",A,Rs 0-500
409,"Men, 20-35","EDC, tech, fitness, first salary energy",EDC & Gadgets,Precision 24-in-1 screwdriver kit,For the guy who loves fixing his own gear.,A,Rs 0-500
410,"Men, 20-35","EDC, tech, fitness, first salary energy",EDC & Gadgets,Smart ring (fitness/sleep),Cutting-edge health tracking without a screen.,D,"Rs 5,000+"
411,"Men, 20-35","EDC, tech, fitness, first salary energy",Desk & WFH,Sit-stand laptop riser (portable),Better posture and a healthier work-from-home day.,C,"Rs 1,500-5,000"
412,"Men, 20-35","EDC, tech, fitness, first salary energy",Desk & WFH,Mechanical keyboard (hot-swap),The desk upgrade every remote worker secretly wants.,C,"Rs 1,500-5,000"
413,"Men, 20-35","EDC, tech, fitness, first salary energy",Desk & WFH,Monitor light bar (auto-dim),Eases eye strain; premium desk aesthetic.,C,"Rs 1,500-5,000"
414,"Men, 20-35","EDC, tech, fitness, first salary energy",Desk & WFH,Under-desk cable-management tray,"Turns a messy desk into a clean, calm workspace.",B,"Rs 500-1,500"
415,"Men, 20-35","EDC, tech, fitness, first salary energy",Desk & WFH,Personalised leather desk mat,His initials under a workspace he actually enjoys.,C,"Rs 1,500-5,000"
416,"Men, 20-35","EDC, tech, fitness, first salary energy",Desk & WFH,Noise-cancelling headphones,"Focus armour for calls, deep work and commutes.",D,"Rs 5,000+"
417,"Men, 20-35","EDC, tech, fitness, first salary energy",Desk & WFH,Ergonomic vertical mouse,Wrist relief for the guy who lives on a laptop.,B,"Rs 500-1,500"
418,"Men, 20-35","EDC, tech, fitness, first salary energy",Desk & WFH,Desk plant (low-maintenance) + pot,A bit of life and calm in the work corner.,B,"Rs 500-1,500"
419,"Men, 20-35","EDC, tech, fitness, first salary energy",Desk & WFH,Wireless charging desk-clock + speaker,"Three gadgets in one tidy, useful block.",C,"Rs 1,500-5,000"
420,"Men, 20-35","EDC, tech, fitness, first salary energy",Desk & WFH,Focus / pomodoro timer cube,"A tactile nudge toward deep, distraction-free work.",B,"Rs 500-1,500"
421,"Men, 20-35","EDC, tech, fitness, first salary energy",Fitness & Outdoors,Adjustable dumbbell pair,A full home gym compressed into two handles.,D,"Rs 5,000+"
422,"Men, 20-35","EDC, tech, fitness, first salary energy",Fitness & Outdoors,Massage gun (percussion),Post-workout recovery that feels like luxury.,C,"Rs 1,500-5,000"
423,"Men, 20-35","EDC, tech, fitness, first salary energy",Fitness & Outdoors,Smart fitness watch (GPS),"Tracks runs, sleep and rides; genuinely motivating.",D,"Rs 5,000+"
424,"Men, 20-35","EDC, tech, fitness, first salary energy",Fitness & Outdoors,Insulated steel gym bottle (1L),Keeps water cold through the toughest session.,B,"Rs 500-1,500"
425,"Men, 20-35","EDC, tech, fitness, first salary energy",Fitness & Outdoors,Resistance-band pro set + door anchor,Travel-friendly strength training with real range.,B,"Rs 500-1,500"
426,"Men, 20-35","EDC, tech, fitness, first salary energy",Fitness & Outdoors,Trekking / day-hike backpack,For the guy planning his next weekend escape.,C,"Rs 1,500-5,000"
427,"Men, 20-35","EDC, tech, fitness, first salary energy",Fitness & Outdoors,Yoga / mobility mat (premium),"Encourages recovery and flexibility, not just lifting.",C,"Rs 1,500-5,000"
428,"Men, 20-35","EDC, tech, fitness, first salary energy",Fitness & Outdoors,Grip-strength & forearm trainer,"A small, addictive tool for the fitness-obsessed.",A,Rs 0-500
429,"Men, 20-35","EDC, tech, fitness, first salary energy",Fitness & Outdoors,Cycling accessories bundle,"Lights, pump and tools for the weekend rider.",C,"Rs 1,500-5,000"
430,"Men, 20-35","EDC, tech, fitness, first salary energy",Fitness & Outdoors,Foam roller (textured),The recovery staple that saves stiff mornings.,B,"Rs 500-1,500"
431,"Men, 20-35","EDC, tech, fitness, first salary energy",Grooming & Style,Beard-grooming premium kit,"Oil, balm and trimmer; upgrades his whole routine.",B,"Rs 500-1,500"
432,"Men, 20-35","EDC, tech, fitness, first salary energy",Grooming & Style,Personalised leather bifold wallet,Engraved everyday carry that feels considered.,B,"Rs 500-1,500"
433,"Men, 20-35","EDC, tech, fitness, first salary energy",Grooming & Style,Minimalist automatic watch,A real grown-up timepiece; understated and lasting.,D,"Rs 5,000+"
434,"Men, 20-35","EDC, tech, fitness, first salary energy",Grooming & Style,Signature-fragrance discovery set,Helps him find a scent that becomes his.,C,"Rs 1,500-5,000"
435,"Men, 20-35","EDC, tech, fitness, first salary energy",Grooming & Style,Premium wet-shave razor set,A ritual upgrade from disposable to distinguished.,C,"Rs 1,500-5,000"
436,"Men, 20-35","EDC, tech, fitness, first salary energy",Grooming & Style,"Sunglasses (polarised, quality)",A face-defining accessory he'll wear constantly.,C,"Rs 1,500-5,000"
437,"Men, 20-35","EDC, tech, fitness, first salary energy",Grooming & Style,Personalised cufflinks / tie-bar,"Sharp, subtle detailing for the formal wardrobe.",B,"Rs 500-1,500"
438,"Men, 20-35","EDC, tech, fitness, first salary energy",Grooming & Style,Weekender leather duffel,Handsome travel gear for the trip-taking twenties.,D,"Rs 5,000+"
439,"Men, 20-35","EDC, tech, fitness, first salary energy",Grooming & Style,Minimalist card-holder + tracker,"Slim, modern EDC for the anti-bulky-wallet guy.",B,"Rs 500-1,500"
440,"Men, 20-35","EDC, tech, fitness, first salary energy",Grooming & Style,Grooming travel dopp kit,Organised toiletries for the frequent flyer.,B,"Rs 500-1,500"
441,"Men, 20-35","EDC, tech, fitness, first salary energy",Bar & Tasting,Whisky-stone & glass gift set,Chills the pour without diluting; a classy staple.,B,"Rs 500-1,500"
442,"Men, 20-35","EDC, tech, fitness, first salary energy",Bar & Tasting,Personalised engraved hip flask,A pocket classic with his name or a date.,B,"Rs 500-1,500"
443,"Men, 20-35","EDC, tech, fitness, first salary energy",Bar & Tasting,Cocktail-making bar tool kit,Turns him into the host everyone remembers.,C,"Rs 1,500-5,000"
444,"Men, 20-35","EDC, tech, fitness, first salary energy",Bar & Tasting,Whisky-tasting flight & journal set,A guided journey for the aspiring connoisseur.,C,"Rs 1,500-5,000"
445,"Men, 20-35","EDC, tech, fitness, first salary energy",Bar & Tasting,Ice-ball / sphere mould set,Slow-melting spheres for a serious home pour.,A,Rs 0-500
446,"Men, 20-35","EDC, tech, fitness, first salary energy",Bar & Tasting,Personalised whisky-glass duo,Monogrammed glasses for two; great couple-adjacent gift.,B,"Rs 500-1,500"
447,"Men, 20-35","EDC, tech, fitness, first salary energy",Bar & Tasting,Craft-beer brewing starter kit,"Brews his own; a rewarding, sharable hobby.",C,"Rs 1,500-5,000"
448,"Men, 20-35","EDC, tech, fitness, first salary energy",Bar & Tasting,Wine-aerator + preserver set,Elevates every bottle; practical and impressive.,B,"Rs 500-1,500"
449,"Men, 20-35","EDC, tech, fitness, first salary energy",Bar & Tasting,Smoked-cocktail kit (wood chips),Restaurant theatre for the home bar; huge wow.,C,"Rs 1,500-5,000"
450,"Men, 20-35","EDC, tech, fitness, first salary energy",Bar & Tasting,Coffee pour-over / aeropress kit,For the guy whose mornings are a ritual.,C,"Rs 1,500-5,000"
451,"Men, 20-35","EDC, tech, fitness, first salary energy",Travel & Experiences,Universal travel adapter (fast charge),"The frequent traveller's most-used, least-glamorous hero.",B,"Rs 500-1,500"
452,"Men, 20-35","EDC, tech, fitness, first salary energy",Travel & Experiences,Compression packing-cube set,Doubles suitcase space; a seasoned traveller's secret.,B,"Rs 500-1,500"
453,"Men, 20-35","EDC, tech, fitness, first salary energy",Travel & Experiences,Noise-isolating travel earbuds,"Peace on planes, trains and open offices.",C,"Rs 1,500-5,000"
454,"Men, 20-35","EDC, tech, fitness, first salary energy",Travel & Experiences,Adventure experience voucher (rafting/paragliding),A memory over an object; adrenaline he'll retell.,C,"Rs 1,500-5,000"
455,"Men, 20-35","EDC, tech, fitness, first salary energy",Travel & Experiences,Staycation / hotel-night gift box,"A curated escape for two, ready to redeem.",D,"Rs 5,000+"
456,"Men, 20-35","EDC, tech, fitness, first salary energy",Travel & Experiences,Anti-theft travel backpack,"Smart, secure carry for the explorer twenties.",C,"Rs 1,500-5,000"
457,"Men, 20-35","EDC, tech, fitness, first salary energy",Travel & Experiences,Personalised leather luggage tag set,"Small, useful and unmistakably his on the belt.",A,Rs 0-500
458,"Men, 20-35","EDC, tech, fitness, first salary energy",Travel & Experiences,Road-trip car-gadget bundle,"Charger, mount and tyre gauge for the driver.",C,"Rs 1,500-5,000"
459,"Men, 20-35","EDC, tech, fitness, first salary energy",Travel & Experiences,Cooking / mixology class voucher,A skill and a fun evening rolled into one.,C,"Rs 1,500-5,000"
460,"Men, 20-35","EDC, tech, fitness, first salary energy",Travel & Experiences,Camping hammock + gear,For the guy who chases weekends outdoors.,C,"Rs 1,500-5,000"
461,"Men, 20-35","EDC, tech, fitness, first salary energy",Hobbies,Beginner mirrorless camera,For the friend ready to take photography seriously.,D,"Rs 5,000+"
462,"Men, 20-35","EDC, tech, fitness, first salary energy",Hobbies,Vinyl turntable (belt-drive),Analog warmth and cover-art romance; a lasting hobby.,D,"Rs 5,000+"
463,"Men, 20-35","EDC, tech, fitness, first salary energy",Hobbies,Mechanical model-build kit (car/watch),"A focus-heavy, display-worthy weekend project.",C,"Rs 1,500-5,000"
464,"Men, 20-35","EDC, tech, fitness, first salary energy",Hobbies,Home-gaming racing / flight setup piece,A serious upgrade for the sim enthusiast.,D,"Rs 5,000+"
465,"Men, 20-35","EDC, tech, fitness, first salary energy",Hobbies,Astronomy telescope (intermediate),Saturn's rings from the terrace; awe he'll share.,D,"Rs 5,000+"
466,"Men, 20-35","EDC, tech, fitness, first salary energy",Hobbies,Drone with 4K camera,Aerial creativity and flying fun; big statement gift.,D,"Rs 5,000+"
467,"Men, 20-35","EDC, tech, fitness, first salary energy",Hobbies,Chess set (weighted) + strategy books,"Fuels a competitive, thoughtful mind.",B,"Rs 500-1,500"
468,"Men, 20-35","EDC, tech, fitness, first salary energy",Hobbies,Leathercraft / woodworking starter kit,"A tactile, screen-free making hobby with real output.",C,"Rs 1,500-5,000"
469,"Men, 20-35","EDC, tech, fitness, first salary energy",Hobbies,Home-barista espresso setup,Cafe-quality mornings; a daily-used passion gift.,D,"Rs 5,000+"
470,"Men, 20-35","EDC, tech, fitness, first salary energy",Hobbies,Guitar / instrument upgrade accessory,"For the musician friend; pedals, strings, gear.",C,"Rs 1,500-5,000"
471,"Men, 20-35","EDC, tech, fitness, first salary energy",Home & Lifestyle,Levitating / floating moon lamp,A gravity-defying centrepiece and conversation-starter.,D,"Rs 5,000+"
472,"Men, 20-35","EDC, tech, fitness, first salary energy",Home & Lifestyle,Smart-home starter kit (bulbs/plug),Voice-controlled living; a genuinely fun first step.,C,"Rs 1,500-5,000"
473,"Men, 20-35","EDC, tech, fitness, first salary energy",Home & Lifestyle,Aroma diffuser + essential-oil set,"Turns a bachelor pad into a calm, good-smelling space.",B,"Rs 500-1,500"
474,"Men, 20-35","EDC, tech, fitness, first salary energy",Home & Lifestyle,Self-stirring / temperature mug,A small daily luxury that feels futuristic.,B,"Rs 500-1,500"
475,"Men, 20-35","EDC, tech, fitness, first salary energy",Home & Lifestyle,Personalised map / coordinates art,"A meaningful place, framed; instant wall character.",B,"Rs 500-1,500"
476,"Men, 20-35","EDC, tech, fitness, first salary energy",Home & Lifestyle,Bluetooth vintage gramophone speaker,"Retro looks, modern sound; a décor-worthy gadget.",C,"Rs 1,500-5,000"
477,"Men, 20-35","EDC, tech, fitness, first salary energy",Home & Lifestyle,Weighted / cooling blanket (single),Better sleep as a gift; surprisingly appreciated.,D,"Rs 5,000+"
478,"Men, 20-35","EDC, tech, fitness, first salary energy",Home & Lifestyle,Custom neon quote / name sign,Personalised light that owns a wall or bar corner.,C,"Rs 1,500-5,000"
479,"Men, 20-35","EDC, tech, fitness, first salary energy",Home & Lifestyle,Indoor herb-garden kit,Fresh basil on the sill; for the guy who cooks.,B,"Rs 500-1,500"
480,"Men, 20-35","EDC, tech, fitness, first salary energy",Home & Lifestyle,Smart LED-strip room lighting,App-controlled ambience that transforms any room.,B,"Rs 500-1,500"
481,"Men, 20-35","EDC, tech, fitness, first salary energy",Foodie & Kitchen,Cast-iron skillet / premium pan,A lifetime cooking upgrade for the home chef.,C,"Rs 1,500-5,000"
482,"Men, 20-35","EDC, tech, fitness, first salary energy",Foodie & Kitchen,Home cold-brew / pour-over coffee kit,Elevates the daily coffee into a ritual.,C,"Rs 1,500-5,000"
483,"Men, 20-35","EDC, tech, fitness, first salary energy",Foodie & Kitchen,Grill / BBQ tool + rub gift set,For the guy who owns the weekend cookout.,C,"Rs 1,500-5,000"
484,"Men, 20-35","EDC, tech, fitness, first salary energy",Foodie & Kitchen,"Chef's knife (quality, gift box)",The one tool a home cook truly notices.,C,"Rs 1,500-5,000"
485,"Men, 20-35","EDC, tech, fitness, first salary energy",Foodie & Kitchen,Air-fryer (compact),"Healthier, easier cooking used almost daily.",D,"Rs 5,000+"
486,"Men, 20-35","EDC, tech, fitness, first salary energy",Foodie & Kitchen,Gourmet hot-sauce / spice tasting set,A flavour adventure for the culinary curious.,B,"Rs 500-1,500"
487,"Men, 20-35","EDC, tech, fitness, first salary energy",Foodie & Kitchen,Pizza-making stone + peel kit,Restaurant-style pizza nights at home.,C,"Rs 1,500-5,000"
488,"Men, 20-35","EDC, tech, fitness, first salary energy",Foodie & Kitchen,Personalised chopping board (engraved),"A handsome, functional keepsake for the cook.",B,"Rs 500-1,500"
489,"Men, 20-35","EDC, tech, fitness, first salary energy",Foodie & Kitchen,Craft-cocktail syrup / bitters set,Bar-quality drinks without leaving home.,B,"Rs 500-1,500"
490,"Men, 20-35","EDC, tech, fitness, first salary energy",Foodie & Kitchen,Sous-vide / precision cooker,Turns him into a genuine kitchen show-off.,D,"Rs 5,000+"
491,"Men, 20-35","EDC, tech, fitness, first salary energy",Sentimental & Personalised,Personalised couple / friends star-map,"A meaningful sky, framed; unexpectedly moving.",B,"Rs 500-1,500"
492,"Men, 20-35","EDC, tech, fitness, first salary energy",Sentimental & Personalised,Custom caricature (his hobby/profession),"A witty, personal keepsake he'll display.",B,"Rs 500-1,500"
493,"Men, 20-35","EDC, tech, fitness, first salary energy",Sentimental & Personalised,Engraved leather journal + pen,"A dignified space for ideas, with his name.",B,"Rs 500-1,500"
494,"Men, 20-35","EDC, tech, fitness, first salary energy",Sentimental & Personalised,Personalised photo-rolling cube,A novel keepsake of his favourite memories.,C,"Rs 1,500-5,000"
495,"Men, 20-35","EDC, tech, fitness, first salary energy",Sentimental & Personalised,Custom map of a meaningful place,"Where it began, framed for the wall.",B,"Rs 500-1,500"
496,"Men, 20-35","EDC, tech, fitness, first salary energy",Sentimental & Personalised,Spotify-code + photo keepsake,His anthem and a memory in one small treasure.,A,Rs 0-500
497,"Men, 20-35","EDC, tech, fitness, first salary energy",Sentimental & Personalised,Personalised name / date bracelet,"Subtle, everyday jewellery with real meaning.",B,"Rs 500-1,500"
498,"Men, 20-35","EDC, tech, fitness, first salary energy",Sentimental & Personalised,Engraved keepsake / watch box,A handsome home for his treasured pieces.,C,"Rs 1,500-5,000"
499,"Men, 20-35","EDC, tech, fitness, first salary energy",Sentimental & Personalised,Voice-waveform framed art,A loved one's words turned into wall art.,B,"Rs 500-1,500"
500,"Men, 20-35","EDC, tech, fitness, first salary energy",Sentimental & Personalised,Custom '#1' keepsake (dad/bro/friend),"Sentimental, warm and genuinely touching.",B,"Rs 500-1,500"
501,"Women, 20-35","Self-care, style, home, wellness",Self-Care & Wellness,At-home spa hamper (full ritual),A pamper evening in a box; thoughtful and indulgent.,C,"Rs 1,500-5,000"
502,"Women, 20-35","Self-care, style, home, wellness",Self-Care & Wellness,Mini skincare fridge,"Chills serums and masks; a coveted, viral upgrade.",D,"Rs 5,000+"
503,"Women, 20-35","Self-care, style, home, wellness",Self-Care & Wellness,Jade-roller & gua-sha marble set,A grounding daily ritual with a beautiful finish.,B,"Rs 500-1,500"
504,"Women, 20-35","Self-care, style, home, wellness",Self-Care & Wellness,Aromatherapy diffuser + oils,Calming ambience and wellbeing in one gift.,B,"Rs 500-1,500"
505,"Women, 20-35","Self-care, style, home, wellness",Self-Care & Wellness,Silk pillowcase + eye-mask set,Gentle-on-skin luxury she'll feel every night.,B,"Rs 500-1,500"
506,"Women, 20-35","Self-care, style, home, wellness",Self-Care & Wellness,Weighted blanket (single/queen),"Anxiety-easing comfort with real, felt benefit.",D,"Rs 5,000+"
507,"Women, 20-35","Self-care, style, home, wellness",Self-Care & Wellness,Acupressure mat + bolster,"A surprising, effective tension-melter after work.",B,"Rs 500-1,500"
508,"Women, 20-35","Self-care, style, home, wellness",Self-Care & Wellness,Personalised bathrobe + slippers,Hotel-comfort at home with her initials.,C,"Rs 1,500-5,000"
509,"Women, 20-35","Self-care, style, home, wellness",Self-Care & Wellness,Sunrise wake-up light alarm,Gentler mornings; better mood before the coffee.,C,"Rs 1,500-5,000"
510,"Women, 20-35","Self-care, style, home, wellness",Self-Care & Wellness,Herbal-tea + ceramic infuser set,"A cosy, calming daily wind-down ritual.",B,"Rs 500-1,500"
511,"Women, 20-35","Self-care, style, home, wellness",Jewellery,Personalised name / initial necklace,The dainty everyday piece she'll live in.,B,"Rs 500-1,500"
512,"Women, 20-35","Self-care, style, home, wellness",Jewellery,Birthstone ring / bracelet,"Personal, meaningful and quietly special.",B,"Rs 500-1,500"
513,"Women, 20-35","Self-care, style, home, wellness",Jewellery,Custom coordinate / map bracelet,"A place that matters, worn close; deeply thoughtful.",B,"Rs 500-1,500"
514,"Women, 20-35","Self-care, style, home, wellness",Jewellery,Layered-necklace stacking set,On-trend combos for endless everyday styling.,B,"Rs 500-1,500"
515,"Women, 20-35","Self-care, style, home, wellness",Jewellery,Charm bracelet + milestone charms,A wearable story she keeps adding to.,C,"Rs 1,500-5,000"
516,"Women, 20-35","Self-care, style, home, wellness",Jewellery,Silk scarf (designer print),"Hair, neck or bag; a grown-up style unlock.",B,"Rs 500-1,500"
517,"Women, 20-35","Self-care, style, home, wellness",Jewellery,Personalised photo-locket,A loved face kept close; sentimental and classic.,B,"Rs 500-1,500"
518,"Women, 20-35","Self-care, style, home, wellness",Jewellery,Everyday hoop / stud edit set,Versatile pieces that suit work and weekend.,B,"Rs 500-1,500"
519,"Women, 20-35","Self-care, style, home, wellness",Jewellery,"Sunglasses (trend cut, quality)",Instant confidence and a whole vibe.,C,"Rs 1,500-5,000"
520,"Women, 20-35","Self-care, style, home, wellness",Jewellery,Custom initial signet ring,"Understated, timeless and unmistakably hers.",B,"Rs 500-1,500"
521,"Women, 20-35","Self-care, style, home, wellness",Home & Aesthetic,Personalised name LED neon sign,A statement piece for her Pinterest-worthy space.,C,"Rs 1,500-5,000"
522,"Women, 20-35","Self-care, style, home, wellness",Home & Aesthetic,Scented soy candle trio (luxury),"Mood, warmth and a signature home scent.",B,"Rs 500-1,500"
523,"Women, 20-35","Self-care, style, home, wellness",Home & Aesthetic,Ceramic vase + dried-flower arrangement,Zero-maintenance beauty for the shelfie corner.,B,"Rs 500-1,500"
524,"Women, 20-35","Self-care, style, home, wellness",Home & Aesthetic,Custom Spotify-code framed art,"Her song, scannable, framed; personal décor.",B,"Rs 500-1,500"
525,"Women, 20-35","Self-care, style, home, wellness",Home & Aesthetic,Boho macramé wall hanging,On-trend texture that lifts any wall.,B,"Rs 500-1,500"
526,"Women, 20-35","Self-care, style, home, wellness",Home & Aesthetic,Galaxy / ambient projector lamp,Transforms the room's mood at the touch of a button.,B,"Rs 500-1,500"
527,"Women, 20-35","Self-care, style, home, wellness",Home & Aesthetic,Personalised map / star-map print,A meaningful moment turned into wall art.,B,"Rs 500-1,500"
528,"Women, 20-35","Self-care, style, home, wellness",Home & Aesthetic,Minimalist ceramic coffee-mug set,Everyday beauty for the morning-ritual lover.,B,"Rs 500-1,500"
529,"Women, 20-35","Self-care, style, home, wellness",Home & Aesthetic,Instant photo printer,"Prints phone memories to pin, gift and keep.",D,"Rs 5,000+"
530,"Women, 20-35","Self-care, style, home, wellness",Home & Aesthetic,Fairy-light photo-clip display,"A warm, glowing wall of her favourite moments.",A,Rs 0-500
531,"Women, 20-35","Self-care, style, home, wellness",Fashion & Bags,Trendy structured crossbody bag,The 'it' bag that finishes every outfit.,C,"Rs 1,500-5,000"
532,"Women, 20-35","Self-care, style, home, wellness",Fashion & Bags,Personalised tote / laptop sleeve,Custom-printed carry that's practical and pretty.,B,"Rs 500-1,500"
533,"Women, 20-35","Self-care, style, home, wellness",Fashion & Bags,Silk / satin co-ord loungewear set,Elevated comfort she'll reach for constantly.,C,"Rs 1,500-5,000"
534,"Women, 20-35","Self-care, style, home, wellness",Fashion & Bags,Cashmere-blend scarf / stole,"A soft, luxe layer for every winter.",C,"Rs 1,500-5,000"
535,"Women, 20-35","Self-care, style, home, wellness",Fashion & Bags,Personalised phone case (name/photo),A daily-carry item made unmistakably hers.,A,Rs 0-500
536,"Women, 20-35","Self-care, style, home, wellness",Fashion & Bags,Mini backpack (versatile),"Hands-free style for work, travel and weekends.",C,"Rs 1,500-5,000"
537,"Women, 20-35","Self-care, style, home, wellness",Fashion & Bags,Statement earrings edit box,A curated set to switch up any look.,B,"Rs 500-1,500"
538,"Women, 20-35","Self-care, style, home, wellness",Fashion & Bags,Foldable travel flats + pouch,Heel-relief hero that lives in her bag.,B,"Rs 500-1,500"
539,"Women, 20-35","Self-care, style, home, wellness",Fashion & Bags,Personalised passport + luggage-tag set,Travel-ready and unmistakably hers.,B,"Rs 500-1,500"
540,"Women, 20-35","Self-care, style, home, wellness",Fashion & Bags,Everyday minimal watch,A refined finishing piece for any wrist.,C,"Rs 1,500-5,000"
541,"Women, 20-35","Self-care, style, home, wellness",Journaling,Personalised leather journal + pen,A beautiful private space with her name embossed.,B,"Rs 500-1,500"
542,"Women, 20-35","Self-care, style, home, wellness",Journaling,Guided manifestation / gratitude journal,"Structured prompts for goals, calm and clarity.",B,"Rs 500-1,500"
543,"Women, 20-35","Self-care, style, home, wellness",Journaling,One-line-a-day 5-year memory book,A tiny daily habit that becomes a treasure.,B,"Rs 500-1,500"
544,"Women, 20-35","Self-care, style, home, wellness",Journaling,Custom 12-month photo planner,Her memories built into her daily planning.,B,"Rs 500-1,500"
545,"Women, 20-35","Self-care, style, home, wellness",Journaling,Vision-board DIY kit,Turns dreams visible; a real mindset tool.,B,"Rs 500-1,500"
546,"Women, 20-35","Self-care, style, home, wellness",Journaling,Self-care subscription box (3 months),"Monthly delight and pampering, delivered.",D,"Rs 5,000+"
547,"Women, 20-35","Self-care, style, home, wellness",Journaling,Affirmation + tarot / oracle deck,Daily reflection and a moment of grounding.,B,"Rs 500-1,500"
548,"Women, 20-35","Self-care, style, home, wellness",Journaling,Reading-tracker + book-lover journal,For the bookworm who logs and rates her reads.,A,Rs 0-500
549,"Women, 20-35","Self-care, style, home, wellness",Journaling,Habit-tracker + goal wall planner,Makes intentions visible and satisfying to tick.,B,"Rs 500-1,500"
550,"Women, 20-35","Self-care, style, home, wellness",Journaling,Wax-seal letter-writing set,Old-world romance for the sentimental writer.,B,"Rs 500-1,500"
551,"Women, 20-35","Self-care, style, home, wellness",Hobbies,Candle-making studio kit,"Scented, giftable results; a full aesthetic hobby.",B,"Rs 500-1,500"
552,"Women, 20-35","Self-care, style, home, wellness",Hobbies,Resin art & jewellery kit,"Glossy, wearable pieces; creative and on-trend.",B,"Rs 500-1,500"
553,"Women, 20-35","Self-care, style, home, wellness",Hobbies,Watercolour / gouache art set,"A calming, expressive creative outlet.",B,"Rs 500-1,500"
554,"Women, 20-35","Self-care, style, home, wellness",Hobbies,Pottery / clay air-dry kit,Handmade dishes and mugs; therapeutic and useful.,B,"Rs 500-1,500"
555,"Women, 20-35","Self-care, style, home, wellness",Hobbies,Embroidery / punch-needle kit,"A slow, satisfying craft with heirloom charm.",B,"Rs 500-1,500"
556,"Women, 20-35","Self-care, style, home, wellness",Hobbies,Beginner baking / dessert kit,Everything for a first showstopper bake.,B,"Rs 500-1,500"
557,"Women, 20-35","Self-care, style, home, wellness",Hobbies,Digital drawing tablet (entry),For the creative ready to go digital.,D,"Rs 5,000+"
558,"Women, 20-35","Self-care, style, home, wellness",Hobbies,Macramé / weaving loom kit,Makes wall art and plant hangers she'll display.,B,"Rs 500-1,500"
559,"Women, 20-35","Self-care, style, home, wellness",Hobbies,Perfume-blending DIY kit,Craft a signature scent; unusual and delightful.,C,"Rs 1,500-5,000"
560,"Women, 20-35","Self-care, style, home, wellness",Hobbies,Indoor gardening starter set,"Plant care as a soothing, rewarding habit.",B,"Rs 500-1,500"
561,"Women, 20-35","Self-care, style, home, wellness",Fitness & Movement,Premium yoga mat + accessories,"Encourages a calming, consistent practice.",C,"Rs 1,500-5,000"
562,"Women, 20-35","Self-care, style, home, wellness",Fitness & Movement,Pilates ring + resistance-band set,Effective home workouts in minimal space.,B,"Rs 500-1,500"
563,"Women, 20-35","Self-care, style, home, wellness",Fitness & Movement,Smart fitness / activity band,"Gamifies movement, sleep and mindful minutes.",C,"Rs 1,500-5,000"
564,"Women, 20-35","Self-care, style, home, wellness",Fitness & Movement,Massage gun (compact),Recovery and tension relief that feels luxurious.,C,"Rs 1,500-5,000"
565,"Women, 20-35","Self-care, style, home, wellness",Fitness & Movement,Insulated sports bottle (motivational),Nudges hydration through the day.,B,"Rs 500-1,500"
566,"Women, 20-35","Self-care, style, home, wellness",Fitness & Movement,Foam roller + mobility kit,Eases desk-stiff shoulders and hips.,B,"Rs 500-1,500"
567,"Women, 20-35","Self-care, style, home, wellness",Fitness & Movement,Dance / Zumba class package,Fun-first fitness that rarely feels like a chore.,C,"Rs 1,500-5,000"
568,"Women, 20-35","Self-care, style, home, wellness",Fitness & Movement,Adjustable kettlebell,Space-smart strength for the home workout.,C,"Rs 1,500-5,000"
569,"Women, 20-35","Self-care, style, home, wellness",Fitness & Movement,Meditation-app annual gift card,A year of calm and better sleep.,B,"Rs 500-1,500"
570,"Women, 20-35","Self-care, style, home, wellness",Fitness & Movement,Cork yoga blocks + strap set,Thoughtful props that deepen the practice.,B,"Rs 500-1,500"
571,"Women, 20-35","Self-care, style, home, wellness",Experiences,Spa-day / massage voucher,Guilt-free pampering she'd never book herself.,D,"Rs 5,000+"
572,"Women, 20-35","Self-care, style, home, wellness",Experiences,Pottery / art workshop experience,"A creative, memory-making day out.",C,"Rs 1,500-5,000"
573,"Women, 20-35","Self-care, style, home, wellness",Experiences,Hot-air-balloon / adventure voucher,A bucket-list memory over any object.,D,"Rs 5,000+"
574,"Women, 20-35","Self-care, style, home, wellness",Experiences,Personalised star-map of a special date,"The night sky of a moment that mattered, framed.",B,"Rs 500-1,500"
575,"Women, 20-35","Self-care, style, home, wellness",Experiences,Professional portrait / photoshoot,"Confidence-boosting, forever-keepsake images.",D,"Rs 5,000+"
576,"Women, 20-35","Self-care, style, home, wellness",Experiences,Wine / cocktail tasting experience,A sophisticated evening out to remember.,C,"Rs 1,500-5,000"
577,"Women, 20-35","Self-care, style, home, wellness",Experiences,Custom illustrated couple / pet portrait,Her people or pet as art; treasured and unique.,B,"Rs 500-1,500"
578,"Women, 20-35","Self-care, style, home, wellness",Experiences,Weekend staycation gift box,"A curated escape, ready to redeem.",D,"Rs 5,000+"
579,"Women, 20-35","Self-care, style, home, wellness",Experiences,Personalised song / voice-note keepsake,Plays a loved one's message from a frame.,B,"Rs 500-1,500"
580,"Women, 20-35","Self-care, style, home, wellness",Experiences,Baking / mixology masterclass voucher,Learns a skill and enjoys the tasty results.,C,"Rs 1,500-5,000"
581,"Women, 20-35","Self-care, style, home, wellness",Books & Learning,E-reader (glare-free),A whole library for the avid reader.,D,"Rs 5,000+"
582,"Women, 20-35","Self-care, style, home, wellness",Books & Learning,Curated book box (her genre),Handpicked reads that respect her taste.,C,"Rs 1,500-5,000"
583,"Women, 20-35","Self-care, style, home, wellness",Books & Learning,Masterclass / skill-course annual pass,A year of learning from world-class teachers.,D,"Rs 5,000+"
584,"Women, 20-35","Self-care, style, home, wellness",Books & Learning,Language-learning premium subscription,Feeds a bucket-list skill and future travel.,C,"Rs 1,500-5,000"
585,"Women, 20-35","Self-care, style, home, wellness",Books & Learning,Aesthetic bookish + candle bundle,Cosy reading-nook joy for the bookworm.,B,"Rs 500-1,500"
586,"Women, 20-35","Self-care, style, home, wellness",Books & Learning,Personalised bookmark + tote set,"Thoughtful, useful gifts for the reader.",A,Rs 0-500
587,"Women, 20-35","Self-care, style, home, wellness",Books & Learning,Audiobook subscription (annual),"Stories for commutes, chores and downtime.",C,"Rs 1,500-5,000"
588,"Women, 20-35","Self-care, style, home, wellness",Books & Learning,Reading-tracker journal + book-nook,For the reader who loves logging her reads.,B,"Rs 500-1,500"
589,"Women, 20-35","Self-care, style, home, wellness",Books & Learning,Signed / special-edition of a favourite,A treasured collectible for the true fan.,C,"Rs 1,500-5,000"
590,"Women, 20-35","Self-care, style, home, wellness",Books & Learning,Creative-writing / journaling course,Nurtures a passion with real guidance.,B,"Rs 500-1,500"
591,"Women, 20-35","Self-care, style, home, wellness",Sentimental & Personalised,Personalised couple / bestie star-map,"A meaningful sky, framed; unexpectedly moving.",B,"Rs 500-1,500"
592,"Women, 20-35","Self-care, style, home, wellness",Sentimental & Personalised,Custom illustrated portrait (from photo),"Her, her people or pet as treasured art.",B,"Rs 500-1,500"
593,"Women, 20-35","Self-care, style, home, wellness",Sentimental & Personalised,Engraved name / initial jewellery,A dainty everyday piece she'll live in.,B,"Rs 500-1,500"
594,"Women, 20-35","Self-care, style, home, wellness",Sentimental & Personalised,Personalised photo-book (year in review),"A whole year of memories, curated and bound.",C,"Rs 1,500-5,000"
595,"Women, 20-35","Self-care, style, home, wellness",Sentimental & Personalised,Custom map of 'where it began',A meaningful place framed with a date.,B,"Rs 500-1,500"
596,"Women, 20-35","Self-care, style, home, wellness",Sentimental & Personalised,365-notes memory jar,A year of little messages to open daily.,A,Rs 0-500
597,"Women, 20-35","Self-care, style, home, wellness",Sentimental & Personalised,Spotify-code + photo keepsake,Her song and a memory in one small treasure.,A,Rs 0-500
598,"Women, 20-35","Self-care, style, home, wellness",Sentimental & Personalised,Engraved keepsake / jewellery box,A beautiful home for treasured trinkets.,B,"Rs 500-1,500"
599,"Women, 20-35","Self-care, style, home, wellness",Sentimental & Personalised,Voice-note keepsake frame,Plays a loved one's message on demand.,B,"Rs 500-1,500"
600,"Women, 20-35","Self-care, style, home, wellness",Sentimental & Personalised,Personalised wooden photo puzzle,A shared memory to build together and keep.,A,Rs 0-500
601,"Men, 36-55","Comfort, hobbies, upgrades, legacy",Desk & Office,Executive leather desk organiser set,"Elevates the home office with quiet, lasting class.",C,"Rs 1,500-5,000"
602,"Men, 36-55","Comfort, hobbies, upgrades, legacy",Desk & Office,Personalised wooden desk nameplate,A dignified marker for the corner office or study.,B,"Rs 500-1,500"
603,"Men, 36-55","Comfort, hobbies, upgrades, legacy",Desk & Office,Premium fountain pen (gift box),A signature tool that makes signing feel like an event.,C,"Rs 1,500-5,000"
604,"Men, 36-55","Comfort, hobbies, upgrades, legacy",Desk & Office,Leather laptop bag / briefcase,"Handsome, durable carry for the working professional.",D,"Rs 5,000+"
605,"Men, 36-55","Comfort, hobbies, upgrades, legacy",Desk & Office,Ergonomic office chair cushion set,Kind to the back through long working days.,C,"Rs 1,500-5,000"
606,"Men, 36-55","Comfort, hobbies, upgrades, legacy",Desk & Office,Personalised map / city-skyline art,A meaningful place framed for the office wall.,B,"Rs 500-1,500"
607,"Men, 36-55","Comfort, hobbies, upgrades, legacy",Desk & Office,Desk humidor / cigar accessory set,A refined indulgence for the aficionado.,D,"Rs 5,000+"
608,"Men, 36-55","Comfort, hobbies, upgrades, legacy",Desk & Office,Wireless charging desk-clock station,Consolidates gadgets into one elegant block.,C,"Rs 1,500-5,000"
609,"Men, 36-55","Comfort, hobbies, upgrades, legacy",Desk & Office,Premium leather journal + pen set,For the thinker who still writes by hand.,C,"Rs 1,500-5,000"
610,"Men, 36-55","Comfort, hobbies, upgrades, legacy",Desk & Office,Standing-desk converter,A genuine health upgrade for the desk-bound.,D,"Rs 5,000+"
611,"Men, 36-55","Comfort, hobbies, upgrades, legacy",Bar & Tasting,Whisky-globe decanter + glasses set,A rotating-globe decanter that owns the bar cabinet.,D,"Rs 5,000+"
612,"Men, 36-55","Comfort, hobbies, upgrades, legacy",Bar & Tasting,Personalised engraved whisky glasses,Monogrammed crystal for the man who appreciates a dram.,C,"Rs 1,500-5,000"
613,"Men, 36-55","Comfort, hobbies, upgrades, legacy",Bar & Tasting,Cigar + whisky pairing gift set,An indulgent evening curated in a single box.,D,"Rs 5,000+"
614,"Men, 36-55","Comfort, hobbies, upgrades, legacy",Bar & Tasting,Whisky-stone chilling set (steel),Cools the pour without watering it down.,B,"Rs 500-1,500"
615,"Men, 36-55","Comfort, hobbies, upgrades, legacy",Bar & Tasting,Home cocktail-bar tool kit,Turns him into the host of the friend group.,C,"Rs 1,500-5,000"
616,"Men, 36-55","Comfort, hobbies, upgrades, legacy",Bar & Tasting,Craft-gin / tasting flight set,A guided journey for the curious palate.,C,"Rs 1,500-5,000"
617,"Men, 36-55","Comfort, hobbies, upgrades, legacy",Bar & Tasting,Smoked-cocktail kit (wood + torch),Restaurant theatre at home; a real showpiece.,C,"Rs 1,500-5,000"
618,"Men, 36-55","Comfort, hobbies, upgrades, legacy",Bar & Tasting,Wine decanter + aerator set,Elevates every bottle he opens.,C,"Rs 1,500-5,000"
619,"Men, 36-55","Comfort, hobbies, upgrades, legacy",Bar & Tasting,Personalised bar-caddy / coaster set,"A handsome, useful anchor for the home bar.",B,"Rs 500-1,500"
620,"Men, 36-55","Comfort, hobbies, upgrades, legacy",Bar & Tasting,Beer / whisky making kit,A hands-on hobby with a very drinkable payoff.,C,"Rs 1,500-5,000"
621,"Men, 36-55","Comfort, hobbies, upgrades, legacy",Health & Wellness,Percussion massage gun (pro),Melts away desk-and-workout knots; feels premium.,C,"Rs 1,500-5,000"
622,"Men, 36-55","Comfort, hobbies, upgrades, legacy",Health & Wellness,Smart health / fitness watch,"Tracks heart, sleep and stress; genuinely motivating.",D,"Rs 5,000+"
623,"Men, 36-55","Comfort, hobbies, upgrades, legacy",Health & Wellness,Shiatsu neck & back massager,Home-spa relief for the perpetually stiff-shouldered.,C,"Rs 1,500-5,000"
624,"Men, 36-55","Comfort, hobbies, upgrades, legacy",Health & Wellness,Blood-pressure monitor (smart),Thoughtful health awareness for the busy 40s.,C,"Rs 1,500-5,000"
625,"Men, 36-55","Comfort, hobbies, upgrades, legacy",Health & Wellness,Ergonomic recliner cushion / footrest,"Everyday comfort after long, demanding days.",C,"Rs 1,500-5,000"
626,"Men, 36-55","Comfort, hobbies, upgrades, legacy",Health & Wellness,Sleep-tracking + white-noise device,Better rest as a gift; quietly transformative.,C,"Rs 1,500-5,000"
627,"Men, 36-55","Comfort, hobbies, upgrades, legacy",Health & Wellness,Acupressure + foot-roller set,Simple daily relief for aching feet and calves.,B,"Rs 500-1,500"
628,"Men, 36-55","Comfort, hobbies, upgrades, legacy",Health & Wellness,Posture-corrector trainer,A small nudge toward a healthier working spine.,B,"Rs 500-1,500"
629,"Men, 36-55","Comfort, hobbies, upgrades, legacy",Health & Wellness,Home air-quality monitor / purifier,Cleaner air for the health-conscious household.,D,"Rs 5,000+"
630,"Men, 36-55","Comfort, hobbies, upgrades, legacy",Health & Wellness,Meditation / breathing coach device,Stress relief made tangible and habit-forming.,C,"Rs 1,500-5,000"
631,"Men, 36-55","Comfort, hobbies, upgrades, legacy",Hobbies,Golf accessories / rangefinder,For the weekend golfer who loves his gear.,D,"Rs 5,000+"
632,"Men, 36-55","Comfort, hobbies, upgrades, legacy",Hobbies,Detailing kit for car enthusiasts,Turns Sunday car-care into a satisfying ritual.,C,"Rs 1,500-5,000"
633,"Men, 36-55","Comfort, hobbies, upgrades, legacy",Hobbies,DSLR / mirrorless lens or accessory,A meaningful upgrade for the hobby photographer.,D,"Rs 5,000+"
634,"Men, 36-55","Comfort, hobbies, upgrades, legacy",Hobbies,Home-barista espresso machine,Cafe-quality mornings; a daily-used passion gift.,D,"Rs 5,000+"
635,"Men, 36-55","Comfort, hobbies, upgrades, legacy",Hobbies,Premium chess / backgammon set,A handsome set for the strategist at heart.,C,"Rs 1,500-5,000"
636,"Men, 36-55","Comfort, hobbies, upgrades, legacy",Hobbies,Woodworking / DIY power-tool set,For the man who likes making and fixing.,D,"Rs 5,000+"
637,"Men, 36-55","Comfort, hobbies, upgrades, legacy",Hobbies,Fishing gear / tackle upgrade,"Feeds a peaceful, patient weekend passion.",C,"Rs 1,500-5,000"
638,"Men, 36-55","Comfort, hobbies, upgrades, legacy",Hobbies,Vinyl turntable + starter records,Analog warmth for the music-loving 40s.,D,"Rs 5,000+"
639,"Men, 36-55","Comfort, hobbies, upgrades, legacy",Hobbies,"Model-build kit (car / aircraft, detailed)","A focus-heavy, display-worthy project.",C,"Rs 1,500-5,000"
640,"Men, 36-55","Comfort, hobbies, upgrades, legacy",Hobbies,Astronomy telescope (quality),Stargazing awe to share with the kids.,D,"Rs 5,000+"
641,"Men, 36-55","Comfort, hobbies, upgrades, legacy",Grooming & Style,Premium wet-shave razor + stand set,A daily ritual upgrade that feels distinguished.,C,"Rs 1,500-5,000"
642,"Men, 36-55","Comfort, hobbies, upgrades, legacy",Grooming & Style,Automatic mechanical watch,A milestone timepiece to keep and pass on.,D,"Rs 5,000+"
643,"Men, 36-55","Comfort, hobbies, upgrades, legacy",Grooming & Style,Signature-fragrance gift set,A sophisticated scent for the man of taste.,C,"Rs 1,500-5,000"
644,"Men, 36-55","Comfort, hobbies, upgrades, legacy",Grooming & Style,Full-grain leather wallet (engraved),Everyday carry that ages beautifully.,C,"Rs 1,500-5,000"
645,"Men, 36-55","Comfort, hobbies, upgrades, legacy",Grooming & Style,Personalised cufflink + tie-bar set,Sharp detailing for the formal wardrobe.,B,"Rs 500-1,500"
646,"Men, 36-55","Comfort, hobbies, upgrades, legacy",Grooming & Style,Beard / grooming premium kit,Elevates the routine with quality tools and oils.,C,"Rs 1,500-5,000"
647,"Men, 36-55","Comfort, hobbies, upgrades, legacy",Grooming & Style,Leather weekender travel bag,"Handsome, hard-wearing carry for getaways.",D,"Rs 5,000+"
648,"Men, 36-55","Comfort, hobbies, upgrades, legacy",Grooming & Style,Sunglasses (premium polarised),A face-defining accessory built to last.,D,"Rs 5,000+"
649,"Men, 36-55","Comfort, hobbies, upgrades, legacy",Grooming & Style,Personalised leather belt (buckle),A wardrobe staple made personal.,B,"Rs 500-1,500"
650,"Men, 36-55","Comfort, hobbies, upgrades, legacy",Grooming & Style,Merino / cashmere sweater,"Effortless, timeless warmth he'll wear for years.",D,"Rs 5,000+"
651,"Men, 36-55","Comfort, hobbies, upgrades, legacy",Home & Comfort,Smart-home hub + automation kit,Voice-controlled convenience for the whole house.,C,"Rs 1,500-5,000"
652,"Men, 36-55","Comfort, hobbies, upgrades, legacy",Home & Comfort,Premium recliner / lounge chair,The evening-unwind throne he'd never buy himself.,D,"Rs 5,000+"
653,"Men, 36-55","Comfort, hobbies, upgrades, legacy",Home & Comfort,Robotic vacuum cleaner,Buys back weekend hours; universally appreciated.,D,"Rs 5,000+"
654,"Men, 36-55","Comfort, hobbies, upgrades, legacy",Home & Comfort,Personalised family portrait / caricature,His people as art; sentimental and lasting.,C,"Rs 1,500-5,000"
655,"Men, 36-55","Comfort, hobbies, upgrades, legacy",Home & Comfort,Bluetooth vintage-radio speaker,Retro character with modern sound for the study.,C,"Rs 1,500-5,000"
656,"Men, 36-55","Comfort, hobbies, upgrades, legacy",Home & Comfort,Weighted / temperature-regulating blanket,"Better sleep, gifted; surprisingly beloved.",D,"Rs 5,000+"
657,"Men, 36-55","Comfort, hobbies, upgrades, legacy",Home & Comfort,Aroma diffuser + premium oils,"A calm, good-smelling home in one gadget.",B,"Rs 500-1,500"
658,"Men, 36-55","Comfort, hobbies, upgrades, legacy",Home & Comfort,Personalised whisky-barrel / wall bar,A statement piece for the entertaining household.,D,"Rs 5,000+"
659,"Men, 36-55","Comfort, hobbies, upgrades, legacy",Home & Comfort,Indoor bonsai / plant + care kit,"A living, meditative hobby for the desk or balcony.",C,"Rs 1,500-5,000"
660,"Men, 36-55","Comfort, hobbies, upgrades, legacy",Home & Comfort,Premium coffee-table book (his passion),"Cars, travel, sport or art; décor with depth.",C,"Rs 1,500-5,000"
661,"Men, 36-55","Comfort, hobbies, upgrades, legacy",Learning,Masterclass / online-course annual pass,A year of learning from the world's best.,D,"Rs 5,000+"
662,"Men, 36-55","Comfort, hobbies, upgrades, legacy",Learning,Curated non-fiction book box (his field),Handpicked reads that respect his interests.,C,"Rs 1,500-5,000"
663,"Men, 36-55","Comfort, hobbies, upgrades, legacy",Learning,Language-learning premium subscription,Feeds a bucket-list skill for future travels.,C,"Rs 1,500-5,000"
664,"Men, 36-55","Comfort, hobbies, upgrades, legacy",Learning,Investing / finance book + tracker bundle,Practical tools for the wealth-building years.,B,"Rs 500-1,500"
665,"Men, 36-55","Comfort, hobbies, upgrades, legacy",Learning,Leadership / biography audiobook credits,Learning on the commute for the busy professional.,C,"Rs 1,500-5,000"
666,"Men, 36-55","Comfort, hobbies, upgrades, legacy",Learning,E-reader (glare-free),Carries a library; a gift the reader will bless.,D,"Rs 5,000+"
667,"Men, 36-55","Comfort, hobbies, upgrades, legacy",Learning,Photography / skill workshop voucher,"Levels up a hobby with real, guided instruction.",C,"Rs 1,500-5,000"
668,"Men, 36-55","Comfort, hobbies, upgrades, legacy",Learning,Chess / strategy mastery course,Sharpens a mind that loves a challenge.,B,"Rs 500-1,500"
669,"Men, 36-55","Comfort, hobbies, upgrades, legacy",Learning,Documentary streaming annual gift,"Feeds curiosity across history, science and nature.",B,"Rs 500-1,500"
670,"Men, 36-55","Comfort, hobbies, upgrades, legacy",Learning,Personalised leather-bound notebook set,"A dignified home for ideas, plans and notes.",C,"Rs 1,500-5,000"
671,"Men, 36-55","Comfort, hobbies, upgrades, legacy",Experiences,Luxury staycation gift box (for two),A curated escape he can share with a partner.,D,"Rs 5,000+"
672,"Men, 36-55","Comfort, hobbies, upgrades, legacy",Experiences,Supercar / superbike drive experience,A bucket-list adrenaline day he'll never forget.,D,"Rs 5,000+"
673,"Men, 36-55","Comfort, hobbies, upgrades, legacy",Experiences,Golf-resort / green-fee experience,A dream round for the passionate golfer.,D,"Rs 5,000+"
674,"Men, 36-55","Comfort, hobbies, upgrades, legacy",Experiences,Fine-dining tasting-menu voucher,An evening of culinary theatre for two.,D,"Rs 5,000+"
675,"Men, 36-55","Comfort, hobbies, upgrades, legacy",Experiences,Personalised '#1 Dad' keepsake set,"Sentimental, family-first and genuinely touching.",B,"Rs 500-1,500"
676,"Men, 36-55","Comfort, hobbies, upgrades, legacy",Experiences,Adventure weekend (trek/raft) voucher,Nature and adrenaline over any object.,C,"Rs 1,500-5,000"
677,"Men, 36-55","Comfort, hobbies, upgrades, legacy",Experiences,Private whisky / wine tasting session,"A guided, indulgent evening for the connoisseur.",D,"Rs 5,000+"
678,"Men, 36-55","Comfort, hobbies, upgrades, legacy",Experiences,Custom-engraved milestone crystal,Marks an anniversary or achievement in style.,C,"Rs 1,500-5,000"
679,"Men, 36-55","Comfort, hobbies, upgrades, legacy",Experiences,Hot-air-balloon ride for two,A once-in-a-lifetime shared memory.,D,"Rs 5,000+"
680,"Men, 36-55","Comfort, hobbies, upgrades, legacy",Experiences,Personalised year-you-were-born print / paper,Nostalgia framed; a thoughtful milestone gift.,B,"Rs 500-1,500"
681,"Men, 36-55","Comfort, hobbies, upgrades, legacy",Foodie & Gourmet,Premium grill / smoker accessory set,For the man who rules the weekend barbecue.,D,"Rs 5,000+"
682,"Men, 36-55","Comfort, hobbies, upgrades, legacy",Foodie & Gourmet,Gourmet coffee / bean-club hamper,A curated journey for the coffee ritualist.,C,"Rs 1,500-5,000"
683,"Men, 36-55","Comfort, hobbies, upgrades, legacy",Foodie & Gourmet,Chef-grade knife set (gift box),A lifetime kitchen upgrade for the home cook.,D,"Rs 5,000+"
684,"Men, 36-55","Comfort, hobbies, upgrades, legacy",Foodie & Gourmet,Whisky-and-chocolate pairing hamper,An indulgent evening curated in one box.,D,"Rs 5,000+"
685,"Men, 36-55","Comfort, hobbies, upgrades, legacy",Foodie & Gourmet,Premium olive-oil / gourmet-pantry set,Elevates everyday cooking with the finest staples.,C,"Rs 1,500-5,000"
686,"Men, 36-55","Comfort, hobbies, upgrades, legacy",Foodie & Gourmet,Personalised chopping board + tools,"A handsome, functional keepsake for the cook.",B,"Rs 500-1,500"
687,"Men, 36-55","Comfort, hobbies, upgrades, legacy",Foodie & Gourmet,Home pizza-oven / stone kit,"Restaurant-style pizza nights, at home.",D,"Rs 5,000+"
688,"Men, 36-55","Comfort, hobbies, upgrades, legacy",Foodie & Gourmet,Craft-beer / brewing premium kit,A rewarding hobby with a very drinkable payoff.,C,"Rs 1,500-5,000"
689,"Men, 36-55","Comfort, hobbies, upgrades, legacy",Foodie & Gourmet,Cheese & charcuterie premium board,Turns an evening in into a little celebration.,C,"Rs 1,500-5,000"
690,"Men, 36-55","Comfort, hobbies, upgrades, legacy",Foodie & Gourmet,Sous-vide precision cooker,Precision cooking for the serious home chef.,D,"Rs 5,000+"
691,"Men, 36-55","Comfort, hobbies, upgrades, legacy",Fitness & Outdoors,Adjustable dumbbell / home-gym piece,A full home gym in a compact upgrade.,D,"Rs 5,000+"
692,"Men, 36-55","Comfort, hobbies, upgrades, legacy",Fitness & Outdoors,Premium trekking backpack,For the man planning his next hill escape.,D,"Rs 5,000+"
693,"Men, 36-55","Comfort, hobbies, upgrades, legacy",Fitness & Outdoors,Golf rangefinder / accessory set,A meaningful upgrade for the weekend golfer.,D,"Rs 5,000+"
694,"Men, 36-55","Comfort, hobbies, upgrades, legacy",Fitness & Outdoors,Deep-tissue recovery massage gun,Melts away desk-and-workout stiffness.,C,"Rs 1,500-5,000"
695,"Men, 36-55","Comfort, hobbies, upgrades, legacy",Fitness & Outdoors,Cycling gear / accessory bundle,"Lights, tools and kit for the weekend rider.",C,"Rs 1,500-5,000"
696,"Men, 36-55","Comfort, hobbies, upgrades, legacy",Fitness & Outdoors,Fitness smart-watch (GPS),Motivating health tracking for the active 40s.,D,"Rs 5,000+"
697,"Men, 36-55","Comfort, hobbies, upgrades, legacy",Fitness & Outdoors,Camping / outdoor cookware set,Fuels the getaways he loves to plan.,C,"Rs 1,500-5,000"
698,"Men, 36-55","Comfort, hobbies, upgrades, legacy",Fitness & Outdoors,Home rowing / compact cardio machine,Full-body fitness without the gym commute.,D,"Rs 5,000+"
699,"Men, 36-55","Comfort, hobbies, upgrades, legacy",Fitness & Outdoors,Insulated adventure flask / bottle,Rugged hydration for treks and long days.,B,"Rs 500-1,500"
700,"Men, 36-55","Comfort, hobbies, upgrades, legacy",Fitness & Outdoors,Recovery kit (foam roller + bands),Keeps an active body moving and pain-free.,B,"Rs 500-1,500"
701,"Women, 36-55","Wellness, home, gourmet, keepsakes",Wellness & Self-Care,Premium at-home spa hamper,A full pamper ritual she'd never indulge in herself.,D,"Rs 5,000+"
702,"Women, 36-55","Wellness, home, gourmet, keepsakes",Wellness & Self-Care,Shiatsu neck & shoulder massager,Home-spa relief for the always-carrying-everyone woman.,C,"Rs 1,500-5,000"
703,"Women, 36-55","Wellness, home, gourmet, keepsakes",Wellness & Self-Care,Aromatherapy diffuser + luxury oils,"Turns the home into a calm, fragrant sanctuary.",B,"Rs 500-1,500"
704,"Women, 36-55","Wellness, home, gourmet, keepsakes",Wellness & Self-Care,Weighted blanket (queen),"Anxiety-easing, sleep-improving comfort.",D,"Rs 5,000+"
705,"Women, 36-55","Wellness, home, gourmet, keepsakes",Wellness & Self-Care,Silk pillowcase + sleep-mask set,Gentle-on-skin luxury felt every single night.,B,"Rs 500-1,500"
706,"Women, 36-55","Wellness, home, gourmet, keepsakes",Wellness & Self-Care,Foot-spa massager (heated),End-of-day relief that feels genuinely restorative.,C,"Rs 1,500-5,000"
707,"Women, 36-55","Wellness, home, gourmet, keepsakes",Wellness & Self-Care,Personalised robe + slipper set,Hotel-comfort at home with her initials.,C,"Rs 1,500-5,000"
708,"Women, 36-55","Wellness, home, gourmet, keepsakes",Wellness & Self-Care,Acupressure mat + bolster,"A surprising, effective tension-melter.",B,"Rs 500-1,500"
709,"Women, 36-55","Wellness, home, gourmet, keepsakes",Wellness & Self-Care,Sunrise wake-light alarm,"Gentler, brighter mornings and better mood.",C,"Rs 1,500-5,000"
710,"Women, 36-55","Wellness, home, gourmet, keepsakes",Wellness & Self-Care,Premium skincare ritual set,A considered upgrade to her daily self-care.,D,"Rs 5,000+"
711,"Women, 36-55","Wellness, home, gourmet, keepsakes",Home & Decor,Personalised family-name LED sign,"A warm, custom centrepiece for the living space.",C,"Rs 1,500-5,000"
712,"Women, 36-55","Wellness, home, gourmet, keepsakes",Home & Decor,Luxury scented-candle collection,Signature home scents for every mood and season.,C,"Rs 1,500-5,000"
713,"Women, 36-55","Wellness, home, gourmet, keepsakes",Home & Decor,Ceramic vase + premium faux florals,"Effortless, forever-fresh beauty for the shelf.",C,"Rs 1,500-5,000"
714,"Women, 36-55","Wellness, home, gourmet, keepsakes",Home & Decor,Personalised family portrait art,Her people as art; treasured wall décor.,C,"Rs 1,500-5,000"
715,"Women, 36-55","Wellness, home, gourmet, keepsakes",Home & Decor,Handcrafted table-lamp (statement),A designer touch that transforms a corner.,D,"Rs 5,000+"
716,"Women, 36-55","Wellness, home, gourmet, keepsakes",Home & Decor,Custom map / travel-memory print,A meaningful place framed for the wall.,B,"Rs 500-1,500"
717,"Women, 36-55","Wellness, home, gourmet, keepsakes",Home & Decor,Premium bedsheet / linen gift set,Everyday luxury she'll feel in every good night's sleep.,D,"Rs 5,000+"
718,"Women, 36-55","Wellness, home, gourmet, keepsakes",Home & Decor,Decorative brass / metal accent set,Elegant home accents for the design-loving eye.,C,"Rs 1,500-5,000"
719,"Women, 36-55","Wellness, home, gourmet, keepsakes",Home & Decor,Indoor plant + designer planter,"A living, calming touch for the home.",B,"Rs 500-1,500"
720,"Women, 36-55","Wellness, home, gourmet, keepsakes",Home & Decor,Personalised recipe / family-cookbook,Family recipes preserved as a keepsake book.,C,"Rs 1,500-5,000"
721,"Women, 36-55","Wellness, home, gourmet, keepsakes",Kitchen & Gourmet,Premium tea / coffee sampler hamper,A journey of flavours for the ritual-lover.,C,"Rs 1,500-5,000"
722,"Women, 36-55","Wellness, home, gourmet, keepsakes",Kitchen & Gourmet,Cast-iron / premium cookware piece,A lifetime kitchen upgrade she'll use daily.,D,"Rs 5,000+"
723,"Women, 36-55","Wellness, home, gourmet, keepsakes",Kitchen & Gourmet,Personalised engraved cutting board,"A beautiful, functional keepsake for the cook.",B,"Rs 500-1,500"
724,"Women, 36-55","Wellness, home, gourmet, keepsakes",Kitchen & Gourmet,Gourmet chocolate / dessert box,An indulgent treat curated with care.,C,"Rs 1,500-5,000"
725,"Women, 36-55","Wellness, home, gourmet, keepsakes",Kitchen & Gourmet,Air-fryer / modern kitchen gadget,"A genuinely useful, health-friendly time-saver.",D,"Rs 5,000+"
726,"Women, 36-55","Wellness, home, gourmet, keepsakes",Kitchen & Gourmet,Artisanal olive-oil / spice gift set,Elevates everyday cooking with gourmet staples.,C,"Rs 1,500-5,000"
727,"Women, 36-55","Wellness, home, gourmet, keepsakes",Kitchen & Gourmet,Stand mixer / baking upgrade,A dream tool for the passionate home baker.,D,"Rs 5,000+"
728,"Women, 36-55","Wellness, home, gourmet, keepsakes",Kitchen & Gourmet,Personalised apron + baking set,Thoughtful gear for the woman who loves to feed people.,B,"Rs 500-1,500"
729,"Women, 36-55","Wellness, home, gourmet, keepsakes",Kitchen & Gourmet,Ceramic dinnerware / serveware set,Hosting elegance for the entertaining household.,D,"Rs 5,000+"
730,"Women, 36-55","Wellness, home, gourmet, keepsakes",Kitchen & Gourmet,Cheese / charcuterie board + tools,Turns evenings-in into a little celebration.,C,"Rs 1,500-5,000"
731,"Women, 36-55","Wellness, home, gourmet, keepsakes",Jewellery & Style,Personalised birthstone jewellery,"Meaningful, elegant and worn with love.",C,"Rs 1,500-5,000"
732,"Women, 36-55","Wellness, home, gourmet, keepsakes",Jewellery & Style,Birthstone-cluster family pendant,"Her whole family, worn close in one keepsake.",C,"Rs 1,500-5,000"
733,"Women, 36-55","Wellness, home, gourmet, keepsakes",Jewellery & Style,Pearl / classic jewellery set,Timeless elegance for milestones and occasions.,D,"Rs 5,000+"
734,"Women, 36-55","Wellness, home, gourmet, keepsakes",Jewellery & Style,Designer silk scarf / stole,"A versatile, luxurious style unlock.",C,"Rs 1,500-5,000"
735,"Women, 36-55","Wellness, home, gourmet, keepsakes",Jewellery & Style,Cashmere / pashmina wrap,"Soft, warm luxury for years of winters.",D,"Rs 5,000+"
736,"Women, 36-55","Wellness, home, gourmet, keepsakes",Jewellery & Style,Personalised photo-locket,A loved face kept close; sentimental and classic.,B,"Rs 500-1,500"
737,"Women, 36-55","Wellness, home, gourmet, keepsakes",Jewellery & Style,Premium handbag (classic cut),An everyday luxury she'll carry for years.,D,"Rs 5,000+"
738,"Women, 36-55","Wellness, home, gourmet, keepsakes",Jewellery & Style,Elegant watch (leather / mesh),A refined finishing piece for every outfit.,D,"Rs 5,000+"
739,"Women, 36-55","Wellness, home, gourmet, keepsakes",Jewellery & Style,Statement-earring designer set,Occasion-ready sparkle curated with taste.,C,"Rs 1,500-5,000"
740,"Women, 36-55","Wellness, home, gourmet, keepsakes",Jewellery & Style,Custom-engraved bangle / kada,"A personal, wearable keepsake with meaning.",C,"Rs 1,500-5,000"
741,"Women, 36-55","Wellness, home, gourmet, keepsakes",Hobbies,Premium gardening tool + seed set,"Feeds a peaceful, rewarding balcony or garden hobby.",C,"Rs 1,500-5,000"
742,"Women, 36-55","Wellness, home, gourmet, keepsakes",Hobbies,Watercolour / acrylic art master set,For the woman rediscovering her creative side.,C,"Rs 1,500-5,000"
743,"Women, 36-55","Wellness, home, gourmet, keepsakes",Hobbies,Pottery-wheel / ceramics home kit,"A tactile, meditative making hobby.",C,"Rs 1,500-5,000"
744,"Women, 36-55","Wellness, home, gourmet, keepsakes",Hobbies,Sewing / embroidery machine (beginner),Unlocks a whole world of making and mending.,D,"Rs 5,000+"
745,"Women, 36-55","Wellness, home, gourmet, keepsakes",Hobbies,Premium baking / patisserie kit,"Everything for ambitious, showstopping bakes.",C,"Rs 1,500-5,000"
746,"Women, 36-55","Wellness, home, gourmet, keepsakes",Hobbies,Knitting / crochet luxury yarn set,"A cosy, screen-free craft with heirloom results.",B,"Rs 500-1,500"
747,"Women, 36-55","Wellness, home, gourmet, keepsakes",Hobbies,Calligraphy / art-journaling kit,A calming creative outlet with beautiful output.,B,"Rs 500-1,500"
748,"Women, 36-55","Wellness, home, gourmet, keepsakes",Hobbies,Candle / soap-making studio kit,"Scented, giftable results; a full aesthetic hobby.",B,"Rs 500-1,500"
749,"Women, 36-55","Wellness, home, gourmet, keepsakes",Hobbies,DSLR / camera for the hobby photographer,A meaningful tool for the creative eye.,D,"Rs 5,000+"
750,"Women, 36-55","Wellness, home, gourmet, keepsakes",Hobbies,Indoor herb / kitchen-garden kit,Fresh herbs on the sill; joy for the home cook.,B,"Rs 500-1,500"
751,"Women, 36-55","Wellness, home, gourmet, keepsakes",Fitness & Movement,Premium yoga mat + prop bundle,"Encourages a calming, consistent practice.",C,"Rs 1,500-5,000"
752,"Women, 36-55","Wellness, home, gourmet, keepsakes",Fitness & Movement,Smart fitness / activity watch,Motivating health tracking without the fuss.,D,"Rs 5,000+"
753,"Women, 36-55","Wellness, home, gourmet, keepsakes",Fitness & Movement,Massage gun (compact),Recovery and tension relief that feels luxurious.,C,"Rs 1,500-5,000"
754,"Women, 36-55","Wellness, home, gourmet, keepsakes",Fitness & Movement,Pilates ring + band home set,"Effective, gentle strength in minimal space.",B,"Rs 500-1,500"
755,"Women, 36-55","Wellness, home, gourmet, keepsakes",Fitness & Movement,Walking / hiking shoe upgrade,Comfort and support for the daily-walk habit.,C,"Rs 1,500-5,000"
756,"Women, 36-55","Wellness, home, gourmet, keepsakes",Fitness & Movement,Zumba / dance-class package,Joy-first fitness that never feels like a chore.,C,"Rs 1,500-5,000"
757,"Women, 36-55","Wellness, home, gourmet, keepsakes",Fitness & Movement,Foam roller + mobility kit,"Eases the aches of a busy, on-her-feet life.",B,"Rs 500-1,500"
758,"Women, 36-55","Wellness, home, gourmet, keepsakes",Fitness & Movement,Meditation-app annual gift,A year of calm and better sleep.,B,"Rs 500-1,500"
759,"Women, 36-55","Wellness, home, gourmet, keepsakes",Fitness & Movement,Insulated water bottle (elegant),A stylish nudge toward daily hydration.,B,"Rs 500-1,500"
760,"Women, 36-55","Wellness, home, gourmet, keepsakes",Fitness & Movement,Under-desk / mini exercise bike,Sneaks movement into the workday.,C,"Rs 1,500-5,000"
761,"Women, 36-55","Wellness, home, gourmet, keepsakes",Learning & Leisure,Masterclass / skill-course annual pass,A year of learning from world-class teachers.,D,"Rs 5,000+"
762,"Women, 36-55","Wellness, home, gourmet, keepsakes",Learning & Leisure,E-reader (glare-free),A whole library for the avid reader.,D,"Rs 5,000+"
763,"Women, 36-55","Wellness, home, gourmet, keepsakes",Learning & Leisure,Curated book box (her genre),Handpicked reads that respect her taste.,C,"Rs 1,500-5,000"
764,"Women, 36-55","Wellness, home, gourmet, keepsakes",Learning & Leisure,Language-learning premium subscription,Feeds a bucket-list skill and future travel.,C,"Rs 1,500-5,000"
765,"Women, 36-55","Wellness, home, gourmet, keepsakes",Learning & Leisure,Audiobook subscription (annual),"Stories for the commute, kitchen and garden.",C,"Rs 1,500-5,000"
766,"Women, 36-55","Wellness, home, gourmet, keepsakes",Learning & Leisure,Wine / cooking appreciation course,A sophisticated skill and a fun night out.,C,"Rs 1,500-5,000"
767,"Women, 36-55","Wellness, home, gourmet, keepsakes",Learning & Leisure,Documentary / streaming annual gift,Feeds curiosity across the world's stories.,B,"Rs 500-1,500"
768,"Women, 36-55","Wellness, home, gourmet, keepsakes",Learning & Leisure,Personalised leather journal + pen,A beautiful space for thoughts and plans.,B,"Rs 500-1,500"
769,"Women, 36-55","Wellness, home, gourmet, keepsakes",Learning & Leisure,Photography / art workshop voucher,Levels up a passion with guided instruction.,C,"Rs 1,500-5,000"
770,"Women, 36-55","Wellness, home, gourmet, keepsakes",Learning & Leisure,Puzzle / brain-game premium set,"Relaxing, engaging downtime for a sharp mind.",B,"Rs 500-1,500"
771,"Women, 36-55","Wellness, home, gourmet, keepsakes",Experiences,Luxury spa-day voucher,Guilt-free pampering she'd never book herself.,D,"Rs 5,000+"
772,"Women, 36-55","Wellness, home, gourmet, keepsakes",Experiences,Weekend wellness-retreat gift,A restorative escape from the everyday load.,D,"Rs 5,000+"
773,"Women, 36-55","Wellness, home, gourmet, keepsakes",Experiences,Fine-dining tasting-menu for two,An evening of culinary theatre to remember.,D,"Rs 5,000+"
774,"Women, 36-55","Wellness, home, gourmet, keepsakes",Experiences,Personalised family star-map / print,"A meaningful night sky, framed and treasured.",B,"Rs 500-1,500"
775,"Women, 36-55","Wellness, home, gourmet, keepsakes",Experiences,Professional portrait / photoshoot,"Confidence-boosting, forever-keepsake images.",D,"Rs 5,000+"
776,"Women, 36-55","Wellness, home, gourmet, keepsakes",Experiences,Pottery / art / cooking workshop,"A creative, memory-making day out.",C,"Rs 1,500-5,000"
777,"Women, 36-55","Wellness, home, gourmet, keepsakes",Experiences,Hot-air-balloon ride for two,A once-in-a-lifetime shared memory.,D,"Rs 5,000+"
778,"Women, 36-55","Wellness, home, gourmet, keepsakes",Experiences,Custom illustrated family portrait,Her family or pets as art; unique and loved.,B,"Rs 500-1,500"
779,"Women, 36-55","Wellness, home, gourmet, keepsakes",Experiences,Milestone-year memory scrapbook (curated),A heartfelt keepsake of a life well-lived.,C,"Rs 1,500-5,000"
780,"Women, 36-55","Wellness, home, gourmet, keepsakes",Experiences,Personalised voice-note / song frame,Plays a loved one's message from a keepsake.,B,"Rs 500-1,500"
781,"Women, 36-55","Wellness, home, gourmet, keepsakes",Fashion & Bags,Premium handbag (classic cut) reserve,An everyday luxury she'll carry for years.,D,"Rs 5,000+"
782,"Women, 36-55","Wellness, home, gourmet, keepsakes",Fashion & Bags,Printed designer scarf (statement),"A versatile, elegant style unlock.",C,"Rs 1,500-5,000"
783,"Women, 36-55","Wellness, home, gourmet, keepsakes",Fashion & Bags,Fine-wool wrap (winter luxe),"Soft, timeless warmth for every winter.",D,"Rs 5,000+"
784,"Women, 36-55","Wellness, home, gourmet, keepsakes",Fashion & Bags,Elegant leather tote / work bag,"Refined, practical carry for the working woman.",D,"Rs 5,000+"
785,"Women, 36-55","Wellness, home, gourmet, keepsakes",Fashion & Bags,Personalised travel-organiser set,Sophisticated organisation for the frequent traveller.,C,"Rs 1,500-5,000"
786,"Women, 36-55","Wellness, home, gourmet, keepsakes",Fashion & Bags,Statement jewellery-piece edit,Occasion-ready sparkle curated with taste.,C,"Rs 1,500-5,000"
787,"Women, 36-55","Wellness, home, gourmet, keepsakes",Fashion & Bags,Premium sunglasses (classic),A face-defining accessory built to last.,C,"Rs 1,500-5,000"
788,"Women, 36-55","Wellness, home, gourmet, keepsakes",Fashion & Bags,Personalised clutch / evening bag,An elegant finishing piece for occasions.,C,"Rs 1,500-5,000"
789,"Women, 36-55","Wellness, home, gourmet, keepsakes",Fashion & Bags,Luxe loungewear / co-ord set,Elevated comfort she'll reach for constantly.,C,"Rs 1,500-5,000"
790,"Women, 36-55","Wellness, home, gourmet, keepsakes",Fashion & Bags,Slim dress-watch (metal strap),A refined finishing piece for every outfit.,D,"Rs 5,000+"
791,"Women, 36-55","Wellness, home, gourmet, keepsakes",Sentimental & Personalised,Custom family-portrait illustration,Her family or pets as treasured art.,B,"Rs 500-1,500"
792,"Women, 36-55","Wellness, home, gourmet, keepsakes",Sentimental & Personalised,Personalised family star-map,"A meaningful night sky, framed with a date.",B,"Rs 500-1,500"
793,"Women, 36-55","Wellness, home, gourmet, keepsakes",Sentimental & Personalised,Family-name necklace (multi-initial),Her whole family worn close to the heart.,C,"Rs 1,500-5,000"
794,"Women, 36-55","Wellness, home, gourmet, keepsakes",Sentimental & Personalised,Personalised year-in-review photo-book,"A year of memories, curated and beautifully bound.",C,"Rs 1,500-5,000"
795,"Women, 36-55","Wellness, home, gourmet, keepsakes",Sentimental & Personalised,Engraved keepsake box,A lovely home for letters and treasures.,B,"Rs 500-1,500"
796,"Women, 36-55","Wellness, home, gourmet, keepsakes",Sentimental & Personalised,Voice-note keepsake frame,Plays a loved one's message on demand.,B,"Rs 500-1,500"
797,"Women, 36-55","Wellness, home, gourmet, keepsakes",Sentimental & Personalised,Custom recipe-in-her-handwriting art,A treasured family recipe turned into wall art.,B,"Rs 500-1,500"
798,"Women, 36-55","Wellness, home, gourmet, keepsakes",Sentimental & Personalised,Personalised birthstone-family jewellery,"Her loved ones' birthstones, worn together.",C,"Rs 1,500-5,000"
799,"Women, 36-55","Wellness, home, gourmet, keepsakes",Sentimental & Personalised,Milestone-anniversary keepsake,Marks a lifetime of love in keepsake form.,C,"Rs 1,500-5,000"
800,"Women, 36-55","Wellness, home, gourmet, keepsakes",Sentimental & Personalised,Fingerprint / handprint family art,"A literal touch of loved ones, framed.",B,"Rs 500-1,500"
801,"Senior men, 56+","Health, comfort, nostalgia, purpose",Health Monitoring,Smart blood-pressure monitor,Easy daily vitals tracking; caring and genuinely useful.,C,"Rs 1,500-5,000"
802,"Senior men, 56+","Health, comfort, nostalgia, purpose",Health Monitoring,Glucometer with easy display,Simple sugar monitoring for peace of mind.,B,"Rs 500-1,500"
803,"Senior men, 56+","Health, comfort, nostalgia, purpose",Health Monitoring,Pulse-oximeter (fingertip),Quick oxygen and pulse checks; reassuring and simple.,A,Rs 0-500
804,"Senior men, 56+","Health, comfort, nostalgia, purpose",Health Monitoring,Pill organiser with alarm reminders,Never a missed dose; thoughtful daily support.,B,"Rs 500-1,500"
805,"Senior men, 56+","Health, comfort, nostalgia, purpose",Health Monitoring,Digital thermometer (contactless),Fuss-free health checks for the whole household.,A,Rs 0-500
806,"Senior men, 56+","Health, comfort, nostalgia, purpose",Health Monitoring,Smartwatch with fall-detection & SOS,Safety and connection on the wrist; deeply thoughtful.,D,"Rs 5,000+"
807,"Senior men, 56+","Health, comfort, nostalgia, purpose",Health Monitoring,Weighing scale with health metrics,Simple wellness tracking he can read at a glance.,B,"Rs 500-1,500"
808,"Senior men, 56+","Health, comfort, nostalgia, purpose",Health Monitoring,Digital BP + heart-rate wrist monitor,One-button vitals for the health-conscious senior.,C,"Rs 1,500-5,000"
809,"Senior men, 56+","Health, comfort, nostalgia, purpose",Health Monitoring,Medical-alert bracelet (engraved),Critical info kept close; safety made simple.,B,"Rs 500-1,500"
810,"Senior men, 56+","Health, comfort, nostalgia, purpose",Health Monitoring,Automatic hand-sanitiser dispenser,Hygiene without fumbling; small daily ease.,B,"Rs 500-1,500"
811,"Senior men, 56+","Health, comfort, nostalgia, purpose",Comfort & Mobility,Orthopaedic memory-foam pillow,"Neck and spine relief for better, deeper sleep.",B,"Rs 500-1,500"
812,"Senior men, 56+","Health, comfort, nostalgia, purpose",Comfort & Mobility,Heated foot & calf massager,"Eases stiff, aching legs at the end of the day.",C,"Rs 1,500-5,000"
813,"Senior men, 56+","Health, comfort, nostalgia, purpose",Comfort & Mobility,Recliner-chair cushion + footrest,Everyday comfort for the evening-newspaper chair.,C,"Rs 1,500-5,000"
814,"Senior men, 56+","Health, comfort, nostalgia, purpose",Comfort & Mobility,Adjustable back-support cushion,Kind to the spine on long sitting days.,B,"Rs 500-1,500"
815,"Senior men, 56+","Health, comfort, nostalgia, purpose",Comfort & Mobility,Warm electric heating pad,Soothing relief for joints and back on cold days.,B,"Rs 500-1,500"
816,"Senior men, 56+","Health, comfort, nostalgia, purpose",Comfort & Mobility,Ergonomic walking cane (foldable),"Dignified, sturdy support that folds away neatly.",B,"Rs 500-1,500"
817,"Senior men, 56+","Health, comfort, nostalgia, purpose",Comfort & Mobility,Anti-slip warm house slippers,"Safe, cosy footing around the home.",A,Rs 0-500
818,"Senior men, 56+","Health, comfort, nostalgia, purpose",Comfort & Mobility,Knee / joint support brace set,Gentle daily support for the active senior.,B,"Rs 500-1,500"
819,"Senior men, 56+","Health, comfort, nostalgia, purpose",Comfort & Mobility,Bed-side grab rail / support handle,Safer getting up; independence preserved.,C,"Rs 1,500-5,000"
820,"Senior men, 56+","Health, comfort, nostalgia, purpose",Comfort & Mobility,Neck & shoulder heat-wrap massager,Targeted relief for stubborn stiffness.,C,"Rs 1,500-5,000"
821,"Senior men, 56+","Health, comfort, nostalgia, purpose",Hobbies,Premium gardening tool + kneeler set,"Feeds a beloved, gentle, purposeful daily hobby.",C,"Rs 1,500-5,000"
822,"Senior men, 56+","Health, comfort, nostalgia, purpose",Hobbies,Weighted wooden chess / carrom set,A handsome set for the strategist and social evenings.,C,"Rs 1,500-5,000"
823,"Senior men, 56+","Health, comfort, nostalgia, purpose",Hobbies,Bird-feeder + binocular set,Invites nature to the window; calm and engaging.,C,"Rs 1,500-5,000"
824,"Senior men, 56+","Health, comfort, nostalgia, purpose",Hobbies,Woodworking / whittling starter kit,"A tactile, satisfying craft for patient hands.",C,"Rs 1,500-5,000"
825,"Senior men, 56+","Health, comfort, nostalgia, purpose",Hobbies,Fishing gear / rod upgrade,A peaceful pastime and an excuse for fresh air.,C,"Rs 1,500-5,000"
826,"Senior men, 56+","Health, comfort, nostalgia, purpose",Hobbies,Stamp / coin collecting starter album,"Reignites a nostalgic, absorbing hobby.",B,"Rs 500-1,500"
827,"Senior men, 56+","Health, comfort, nostalgia, purpose",Hobbies,"Jigsaw puzzles (large-piece, scenic)","Relaxing, screen-free focus with a rewarding finish.",B,"Rs 500-1,500"
828,"Senior men, 56+","Health, comfort, nostalgia, purpose",Hobbies,Yoga / stretching mat for seniors,Gentle movement to keep joints supple.,B,"Rs 500-1,500"
829,"Senior men, 56+","Health, comfort, nostalgia, purpose",Hobbies,Photography (simple point-and-shoot),Captures grandchildren and travels effortlessly.,D,"Rs 5,000+"
830,"Senior men, 56+","Health, comfort, nostalgia, purpose",Hobbies,Model-building / craft kit,"A slow, absorbing project for steady hands.",C,"Rs 1,500-5,000"
831,"Senior men, 56+","Health, comfort, nostalgia, purpose",Reading & Audio,E-reader with adjustable font & light,"A whole library, easy on ageing eyes.",D,"Rs 5,000+"
832,"Senior men, 56+","Health, comfort, nostalgia, purpose",Reading & Audio,Large-print classic book collection,Comfortable reading of timeless favourites.,B,"Rs 500-1,500"
833,"Senior men, 56+","Health, comfort, nostalgia, purpose",Reading & Audio,Audiobook subscription (annual),Stories for resting eyes and quiet afternoons.,C,"Rs 1,500-5,000"
834,"Senior men, 56+","Health, comfort, nostalgia, purpose",Reading & Audio,Bluetooth easy-speaker for music/radio,One-button access to his favourite songs and news.,B,"Rs 500-1,500"
835,"Senior men, 56+","Health, comfort, nostalgia, purpose",Reading & Audio,Reading lamp with magnifier,"Bright, magnified comfort for fine print.",B,"Rs 500-1,500"
836,"Senior men, 56+","Health, comfort, nostalgia, purpose",Reading & Audio,Nostalgic old-Hindi-songs music player,Preloaded golden-era classics; instant joy.,C,"Rs 1,500-5,000"
837,"Senior men, 56+","Health, comfort, nostalgia, purpose",Reading & Audio,Newspaper / magazine annual subscription,"A cherished daily ritual, delivered.",C,"Rs 1,500-5,000"
838,"Senior men, 56+","Health, comfort, nostalgia, purpose",Reading & Audio,Wireless neckband headphones (easy),"Comfortable listening for TV, music and calls.",B,"Rs 500-1,500"
839,"Senior men, 56+","Health, comfort, nostalgia, purpose",Reading & Audio,Devotional / spiritual audio player,Bhajans and chants at the press of a button.,B,"Rs 500-1,500"
840,"Senior men, 56+","Health, comfort, nostalgia, purpose",Reading & Audio,Personalised bookmark + book set,A thoughtful nudge for the lifelong reader.,A,Rs 0-500
841,"Senior men, 56+","Health, comfort, nostalgia, purpose",Nostalgia,Personalised photo-memory book (curated),His life story in pictures; deeply moving.,C,"Rs 1,500-5,000"
842,"Senior men, 56+","Health, comfort, nostalgia, purpose",Nostalgia,Retro radio Bluetooth speaker,Old-world charm meets his favourite stations.,C,"Rs 1,500-5,000"
843,"Senior men, 56+","Health, comfort, nostalgia, purpose",Nostalgia,Custom family-tree framed art,Generations mapped and honoured on the wall.,C,"Rs 1,500-5,000"
844,"Senior men, 56+","Health, comfort, nostalgia, purpose",Nostalgia,Digital photo frame (auto-updating),Family photos beamed to him from afar; connection gifted.,D,"Rs 5,000+"
845,"Senior men, 56+","Health, comfort, nostalgia, purpose",Nostalgia,Personalised year-you-were-born print,Nostalgia framed; headlines and facts of his birth year.,B,"Rs 500-1,500"
846,"Senior men, 56+","Health, comfort, nostalgia, purpose",Nostalgia,Vintage-film / classic-cinema collection,"The movies of his youth, ready to enjoy.",C,"Rs 1,500-5,000"
847,"Senior men, 56+","Health, comfort, nostalgia, purpose",Nostalgia,Custom '#1 Grandpa' keepsake,"Sentimental, warm and genuinely touching.",B,"Rs 500-1,500"
848,"Senior men, 56+","Health, comfort, nostalgia, purpose",Nostalgia,Restored old-photograph service voucher,Brings faded family memories back to life.,C,"Rs 1,500-5,000"
849,"Senior men, 56+","Health, comfort, nostalgia, purpose",Nostalgia,Personalised voice-message keepsake frame,Plays a grandchild's message on demand.,B,"Rs 500-1,500"
850,"Senior men, 56+","Health, comfort, nostalgia, purpose",Nostalgia,Memory-lane trivia / life-story journal,Prompts him to record stories for the family.,B,"Rs 500-1,500"
851,"Senior men, 56+","Health, comfort, nostalgia, purpose",Wellness,Full-body massage chair pad,Home-spa relaxation for tired muscles.,D,"Rs 5,000+"
852,"Senior men, 56+","Health, comfort, nostalgia, purpose",Wellness,Herbal / Ayurvedic wellness hamper,"Thoughtful, health-first indulgence.",C,"Rs 1,500-5,000"
853,"Senior men, 56+","Health, comfort, nostalgia, purpose",Wellness,Aroma diffuser + calming oils,"A soothing, fragrant atmosphere at home.",B,"Rs 500-1,500"
854,"Senior men, 56+","Health, comfort, nostalgia, purpose",Wellness,Acupressure slippers / foot roller,Simple daily circulation and relief.,B,"Rs 500-1,500"
855,"Senior men, 56+","Health, comfort, nostalgia, purpose",Wellness,Warm shawl / thermal blanket,Cosy comfort for cold mornings and evenings.,C,"Rs 1,500-5,000"
856,"Senior men, 56+","Health, comfort, nostalgia, purpose",Wellness,Herbal tea / kadha sampler set,"Warm, healthful rituals in a cup.",B,"Rs 500-1,500"
857,"Senior men, 56+","Health, comfort, nostalgia, purpose",Wellness,Heated eye-massager for rest,"Relieves tired eyes; a small, felt luxury.",C,"Rs 1,500-5,000"
858,"Senior men, 56+","Health, comfort, nostalgia, purpose",Wellness,Sleep-support sound machine,Gentle soundscapes for a restful night.,B,"Rs 500-1,500"
859,"Senior men, 56+","Health, comfort, nostalgia, purpose",Wellness,Handheld personal massager,"Targeted relief for shoulders, back and legs.",B,"Rs 500-1,500"
860,"Senior men, 56+","Health, comfort, nostalgia, purpose",Wellness,Sunlight / vitamin-D therapy lamp,Mood and energy support through dull days.,C,"Rs 1,500-5,000"
861,"Senior men, 56+","Health, comfort, nostalgia, purpose",Everyday Tech,Large-button easy mobile phone,Simple calls without menu confusion; independence gifted.,C,"Rs 1,500-5,000"
862,"Senior men, 56+","Health, comfort, nostalgia, purpose",Everyday Tech,Voice-assistant smart speaker,"Hands-free music, reminders and news; surprisingly loved.",C,"Rs 1,500-5,000"
863,"Senior men, 56+","Health, comfort, nostalgia, purpose",Everyday Tech,Tablet with senior-friendly setup,Video calls with grandchildren made effortless.,D,"Rs 5,000+"
864,"Senior men, 56+","Health, comfort, nostalgia, purpose",Everyday Tech,TV soundbar for clearer dialogue,Makes every show easier to hear and enjoy.,D,"Rs 5,000+"
865,"Senior men, 56+","Health, comfort, nostalgia, purpose",Everyday Tech,Universal easy remote (big buttons),Ends remote-juggling frustration for good.,B,"Rs 500-1,500"
866,"Senior men, 56+","Health, comfort, nostalgia, purpose",Everyday Tech,Smart video-doorbell,See visitors safely without rushing to the door.,D,"Rs 5,000+"
867,"Senior men, 56+","Health, comfort, nostalgia, purpose",Everyday Tech,Automatic night-light (motion),Safe midnight steps without fumbling for switches.,A,Rs 0-500
868,"Senior men, 56+","Health, comfort, nostalgia, purpose",Everyday Tech,Key + phone finder tracker,Ends the daily hunt for misplaced essentials.,B,"Rs 500-1,500"
869,"Senior men, 56+","Health, comfort, nostalgia, purpose",Everyday Tech,Wireless charging pad (simple),Just set the phone down; no fiddly cables.,B,"Rs 500-1,500"
870,"Senior men, 56+","Health, comfort, nostalgia, purpose",Everyday Tech,Emergency SOS pendant / button,One press for help; safety and reassurance.,C,"Rs 1,500-5,000"
871,"Senior men, 56+","Health, comfort, nostalgia, purpose",Experiences,Devotional / pilgrimage trip voucher,A meaningful journey to a cherished destination.,D,"Rs 5,000+"
872,"Senior men, 56+","Health, comfort, nostalgia, purpose",Experiences,Family staycation gift (accessible),Quality time together in comfort.,D,"Rs 5,000+"
873,"Senior men, 56+","Health, comfort, nostalgia, purpose",Experiences,Nature / hill-station retreat voucher,Fresh air and calm for a restorative break.,D,"Rs 5,000+"
874,"Senior men, 56+","Health, comfort, nostalgia, purpose",Experiences,Ayurveda / wellness-centre package,Rejuvenation guided by trained hands.,D,"Rs 5,000+"
875,"Senior men, 56+","Health, comfort, nostalgia, purpose",Experiences,Grandchildren memory-day experience,A planned outing that becomes a treasured memory.,C,"Rs 1,500-5,000"
876,"Senior men, 56+","Health, comfort, nostalgia, purpose",Experiences,Personalised legacy-interview video,His life story recorded for generations.,C,"Rs 1,500-5,000"
877,"Senior men, 56+","Health, comfort, nostalgia, purpose",Experiences,Botanical-garden / heritage-tour pass,"A gentle, enriching day out.",B,"Rs 500-1,500"
878,"Senior men, 56+","Health, comfort, nostalgia, purpose",Experiences,Concert / classical-music evening tickets,"An evening of the music he loves, live.",C,"Rs 1,500-5,000"
879,"Senior men, 56+","Health, comfort, nostalgia, purpose",Experiences,Home chef / special-meal experience,A restaurant-quality feast without leaving home.,C,"Rs 1,500-5,000"
880,"Senior men, 56+","Health, comfort, nostalgia, purpose",Experiences,Subscription for his passion (magazine/club),Ongoing joy delivered around his lifelong interest.,C,"Rs 1,500-5,000"
881,"Senior men, 56+","Health, comfort, nostalgia, purpose",Faith & Spiritual,Premium pooja / prayer accessory set,Elevates a cherished daily spiritual ritual.,C,"Rs 1,500-5,000"
882,"Senior men, 56+","Health, comfort, nostalgia, purpose",Faith & Spiritual,Devotional-audio easy player,Bhajans and chants at one simple press.,B,"Rs 500-1,500"
883,"Senior men, 56+","Health, comfort, nostalgia, purpose",Faith & Spiritual,Illustrated scripture / classics (large print),"Beloved texts in a comfortable, giftable edition.",C,"Rs 1,500-5,000"
884,"Senior men, 56+","Health, comfort, nostalgia, purpose",Faith & Spiritual,Rudraksha / spiritual mala,"A meaningful, calming daily companion.",B,"Rs 500-1,500"
885,"Senior men, 56+","Health, comfort, nostalgia, purpose",Faith & Spiritual,Meditation cushion + guide set,Comfort and structure for a mindful practice.,B,"Rs 500-1,500"
886,"Senior men, 56+","Health, comfort, nostalgia, purpose",Faith & Spiritual,Personalised prayer-corner nameplate / art,"A warm, custom touch for the home shrine.",B,"Rs 500-1,500"
887,"Senior men, 56+","Health, comfort, nostalgia, purpose",Faith & Spiritual,Incense / dhoop premium collection,Fragrant essentials for daily devotion.,B,"Rs 500-1,500"
888,"Senior men, 56+","Health, comfort, nostalgia, purpose",Faith & Spiritual,Spiritual-discourse audiobook collection,Wisdom and calm for quiet afternoons.,C,"Rs 1,500-5,000"
889,"Senior men, 56+","Health, comfort, nostalgia, purpose",Faith & Spiritual,Brass / eco diya + lamp set,Elegant essentials for prayers and festivals.,C,"Rs 1,500-5,000"
890,"Senior men, 56+","Health, comfort, nostalgia, purpose",Faith & Spiritual,Pilgrimage travel-comfort kit,Thoughtful gear for a meaningful journey.,C,"Rs 1,500-5,000"
891,"Senior men, 56+","Health, comfort, nostalgia, purpose",Games & Social,Premium carrom board + coins,Fuels social evenings and family tournaments.,C,"Rs 1,500-5,000"
892,"Senior men, 56+","Health, comfort, nostalgia, purpose",Games & Social,Weighted wooden chess set,A handsome set for the lifelong strategist.,C,"Rs 1,500-5,000"
893,"Senior men, 56+","Health, comfort, nostalgia, purpose",Games & Social,Classic card-games / rummy set,The centre of many a cheerful get-together.,A,Rs 0-500
894,"Senior men, 56+","Health, comfort, nostalgia, purpose",Games & Social,Large-piece scenic jigsaw puzzles,"Relaxing, screen-free focus with a rewarding finish.",B,"Rs 500-1,500"
895,"Senior men, 56+","Health, comfort, nostalgia, purpose",Games & Social,Ludo / snakes-and-ladders premium set,Timeless family fun across generations.,B,"Rs 500-1,500"
896,"Senior men, 56+","Health, comfort, nostalgia, purpose",Games & Social,Crossword / Sudoku large-print book set,Daily mental exercise he'll genuinely enjoy.,A,Rs 0-500
897,"Senior men, 56+","Health, comfort, nostalgia, purpose",Games & Social,Dominoes / backgammon wooden set,"A classic, absorbing game for two.",B,"Rs 500-1,500"
898,"Senior men, 56+","Health, comfort, nostalgia, purpose",Games & Social,Bridge / teen-patti club accessory set,Elevates his regular card evenings.,B,"Rs 500-1,500"
899,"Senior men, 56+","Health, comfort, nostalgia, purpose",Games & Social,Memory / trivia game (senior-friendly),"Fun, sociable brain exercise for gatherings.",A,Rs 0-500
900,"Senior men, 56+","Health, comfort, nostalgia, purpose",Games & Social,Personalised game-night board bundle,A curated set for treasured family evenings.,C,"Rs 1,500-5,000"
901,"Senior women, 56+","Health, ease, devotion, memories",Health Monitoring,Smart blood-pressure monitor,"Easy daily vitals; caring, practical and reassuring.",C,"Rs 1,500-5,000"
902,"Senior women, 56+","Health, ease, devotion, memories",Health Monitoring,Glucometer with large display,Simple sugar monitoring for daily peace of mind.,B,"Rs 500-1,500"
903,"Senior women, 56+","Health, ease, devotion, memories",Health Monitoring,Pulse-oximeter (fingertip),Quick oxygen and pulse checks; simple and reassuring.,A,Rs 0-500
904,"Senior women, 56+","Health, ease, devotion, memories",Health Monitoring,Pill organiser with reminder alarm,Never a missed dose; thoughtful everyday support.,B,"Rs 500-1,500"
905,"Senior women, 56+","Health, ease, devotion, memories",Health Monitoring,Smartwatch with SOS & fall-alert,Safety and family connection on the wrist.,D,"Rs 5,000+"
906,"Senior women, 56+","Health, ease, devotion, memories",Health Monitoring,Body-composition health scale,At-a-glance wellness tracking she can read easily.,B,"Rs 500-1,500"
907,"Senior women, 56+","Health, ease, devotion, memories",Health Monitoring,Medical-alert bracelet (engraved),Vital info kept close; safety made elegant.,B,"Rs 500-1,500"
908,"Senior women, 56+","Health, ease, devotion, memories",Health Monitoring,Contactless digital thermometer,Fuss-free health checks for the household.,A,Rs 0-500
909,"Senior women, 56+","Health, ease, devotion, memories",Health Monitoring,Posture / back-support corrector,"Gentle support for a comfortable, upright day.",B,"Rs 500-1,500"
910,"Senior women, 56+","Health, ease, devotion, memories",Health Monitoring,Automatic hand-sanitiser dispenser,Touch-free hygiene; small daily convenience.,B,"Rs 500-1,500"
911,"Senior women, 56+","Health, ease, devotion, memories",Comfort & Ease,Orthopaedic memory-foam pillow,"Neck and spine relief for deeper, better sleep.",B,"Rs 500-1,500"
912,"Senior women, 56+","Health, ease, devotion, memories",Comfort & Ease,Heated foot-spa massager,End-of-day relief that feels genuinely restorative.,C,"Rs 1,500-5,000"
913,"Senior women, 56+","Health, ease, devotion, memories",Comfort & Ease,Recliner cushion + back support,Everyday comfort for the favourite chair.,C,"Rs 1,500-5,000"
914,"Senior women, 56+","Health, ease, devotion, memories",Comfort & Ease,Warm electric heating pad,Soothing relief for joints on cold days.,B,"Rs 500-1,500"
915,"Senior women, 56+","Health, ease, devotion, memories",Comfort & Ease,Anti-slip warm house slippers,"Safe, cosy footing around the home.",A,Rs 0-500
916,"Senior women, 56+","Health, ease, devotion, memories",Comfort & Ease,Lightweight foldable walking support,"Dignified, sturdy help that tucks away neatly.",B,"Rs 500-1,500"
917,"Senior women, 56+","Health, ease, devotion, memories",Comfort & Ease,Knee / joint support wraps,Gentle daily support for active days.,B,"Rs 500-1,500"
918,"Senior women, 56+","Health, ease, devotion, memories",Comfort & Ease,Easy-grip jar & bottle opener set,Restores kitchen independence; genuinely appreciated.,A,Rs 0-500
919,"Senior women, 56+","Health, ease, devotion, memories",Comfort & Ease,Neck & shoulder heat-massage wrap,Targeted relief for stubborn stiffness.,C,"Rs 1,500-5,000"
920,"Senior women, 56+","Health, ease, devotion, memories",Comfort & Ease,Soft weighted lap blanket,"Cosy, calming warmth for reading and TV evenings.",C,"Rs 1,500-5,000"
921,"Senior women, 56+","Health, ease, devotion, memories",Kitchen & Home,Easy-use small chopper / mixer,Takes the strain out of daily cooking prep.,B,"Rs 500-1,500"
922,"Senior women, 56+","Health, ease, devotion, memories",Kitchen & Home,Lightweight non-stick cookware set,Easier lifting and cleaning for everyday meals.,C,"Rs 1,500-5,000"
923,"Senior women, 56+","Health, ease, devotion, memories",Kitchen & Home,Automatic tea / coffee maker (simple),Her favourite brew at the press of one button.,C,"Rs 1,500-5,000"
924,"Senior women, 56+","Health, ease, devotion, memories",Kitchen & Home,Ergonomic easy-grip kitchen tools,Kind to arthritic hands; thoughtful and practical.,B,"Rs 500-1,500"
925,"Senior women, 56+","Health, ease, devotion, memories",Kitchen & Home,Personalised recipe / family-cookbook,Her treasured recipes preserved as a keepsake.,C,"Rs 1,500-5,000"
926,"Senior women, 56+","Health, ease, devotion, memories",Kitchen & Home,Electric roti / dosa maker,Effortless everyday cooking without the standing strain.,C,"Rs 1,500-5,000"
927,"Senior women, 56+","Health, ease, devotion, memories",Kitchen & Home,Insulated casserole / hot-pot set,Keeps meals warm; useful for the family table.,B,"Rs 500-1,500"
928,"Senior women, 56+","Health, ease, devotion, memories",Kitchen & Home,Robotic vacuum / easy floor cleaner,Buys back energy from daily housework.,D,"Rs 5,000+"
929,"Senior women, 56+","Health, ease, devotion, memories",Kitchen & Home,Air-fryer (simple controls),"Healthier, easier cooking she'll use daily.",D,"Rs 5,000+"
930,"Senior women, 56+","Health, ease, devotion, memories",Kitchen & Home,Spice / masala organiser set,Brings order and ease to the daily kitchen.,B,"Rs 500-1,500"
931,"Senior women, 56+","Health, ease, devotion, memories",Hobbies,Knitting / crochet luxury yarn set,"A cosy, screen-free craft with heirloom results.",B,"Rs 500-1,500"
932,"Senior women, 56+","Health, ease, devotion, memories",Hobbies,Gardening tool + kneeler set,"Feeds a beloved, gentle, purposeful hobby.",C,"Rs 1,500-5,000"
933,"Senior women, 56+","Health, ease, devotion, memories",Hobbies,Embroidery / needlework kit,"A patient, satisfying craft with beautiful output.",B,"Rs 500-1,500"
934,"Senior women, 56+","Health, ease, devotion, memories",Hobbies,Large-piece scenic jigsaw puzzles,"Relaxing, screen-free focus with a lovely finish.",B,"Rs 500-1,500"
935,"Senior women, 56+","Health, ease, devotion, memories",Hobbies,Painting / colouring-for-adults set,"A calming, expressive outlet for quiet afternoons.",B,"Rs 500-1,500"
936,"Senior women, 56+","Health, ease, devotion, memories",Hobbies,Baking / dessert-making kit,Everything to spoil the family with home bakes.,B,"Rs 500-1,500"
937,"Senior women, 56+","Health, ease, devotion, memories",Hobbies,Devotional / bhajan music player,Chants and hymns at the touch of a button.,B,"Rs 500-1,500"
938,"Senior women, 56+","Health, ease, devotion, memories",Hobbies,Sewing machine (beginner-friendly),Reignites a love of stitching and mending.,D,"Rs 5,000+"
939,"Senior women, 56+","Health, ease, devotion, memories",Hobbies,Indoor herb / flower gardening kit,"A living, rewarding hobby for the balcony.",B,"Rs 500-1,500"
940,"Senior women, 56+","Health, ease, devotion, memories",Hobbies,Sari / craft upcycling kit,Turns cherished fabrics into new creations.,B,"Rs 500-1,500"
941,"Senior women, 56+","Health, ease, devotion, memories",Reading & Devotion,E-reader with large adjustable font,"A whole library, gentle on ageing eyes.",D,"Rs 5,000+"
942,"Senior women, 56+","Health, ease, devotion, memories",Reading & Devotion,Large-print books / scriptures,Comfortable reading of beloved texts.,B,"Rs 500-1,500"
943,"Senior women, 56+","Health, ease, devotion, memories",Reading & Devotion,Audiobook / spiritual-audio subscription,Stories and prayers for resting eyes.,C,"Rs 1,500-5,000"
944,"Senior women, 56+","Health, ease, devotion, memories",Reading & Devotion,Reading lamp with magnifier,"Bright, magnified comfort for fine print.",B,"Rs 500-1,500"
945,"Senior women, 56+","Health, ease, devotion, memories",Reading & Devotion,Devotional-audio easy player,Aartis and bhajans at one simple press.,B,"Rs 500-1,500"
946,"Senior women, 56+","Health, ease, devotion, memories",Reading & Devotion,Illustrated mythology / classics set,"Timeless tales in a beautiful, giftable edition.",C,"Rs 1,500-5,000"
947,"Senior women, 56+","Health, ease, devotion, memories",Reading & Devotion,Personalised prayer / pooja accessory set,Elevates a cherished daily ritual.,C,"Rs 1,500-5,000"
948,"Senior women, 56+","Health, ease, devotion, memories",Reading & Devotion,Wireless neckband for comfortable listening,"Easy audio for TV, music and calls.",B,"Rs 500-1,500"
949,"Senior women, 56+","Health, ease, devotion, memories",Reading & Devotion,Magazine / periodical annual subscription,"A cherished, regular delight delivered home.",C,"Rs 1,500-5,000"
950,"Senior women, 56+","Health, ease, devotion, memories",Reading & Devotion,Personalised bookmark + book set,A thoughtful nudge for the lifelong reader.,A,Rs 0-500
951,"Senior women, 56+","Health, ease, devotion, memories",Jewellery & Keepsakes,Family-name / kids-initial pendant,Her whole family worn close to the heart.,C,"Rs 1,500-5,000"
952,"Senior women, 56+","Health, ease, devotion, memories",Jewellery & Keepsakes,Personalised birthstone jewellery,"Meaningful, elegant and worn with love.",C,"Rs 1,500-5,000"
953,"Senior women, 56+","Health, ease, devotion, memories",Jewellery & Keepsakes,Pearl / traditional jewellery set,Timeless elegance for festivals and occasions.,D,"Rs 5,000+"
954,"Senior women, 56+","Health, ease, devotion, memories",Jewellery & Keepsakes,Custom-engraved bangle / kada,"A personal, wearable keepsake with meaning.",C,"Rs 1,500-5,000"
955,"Senior women, 56+","Health, ease, devotion, memories",Jewellery & Keepsakes,Photo-locket with family picture,A loved face kept close; classic and sentimental.,B,"Rs 500-1,500"
956,"Senior women, 56+","Health, ease, devotion, memories",Jewellery & Keepsakes,Premium silk saree / stole,"A graceful, cherished addition to her wardrobe.",D,"Rs 5,000+"
957,"Senior women, 56+","Health, ease, devotion, memories",Jewellery & Keepsakes,Personalised jewellery organiser box,Keeps treasured pieces safe and beautifully stored.,B,"Rs 500-1,500"
958,"Senior women, 56+","Health, ease, devotion, memories",Jewellery & Keepsakes,Elegant shawl / pashmina wrap,"Soft, warm luxury for years of winters.",D,"Rs 5,000+"
959,"Senior women, 56+","Health, ease, devotion, memories",Jewellery & Keepsakes,Custom name / mangalsutra-style piece,"A meaningful, personal keepsake for her.",D,"Rs 5,000+"
960,"Senior women, 56+","Health, ease, devotion, memories",Jewellery & Keepsakes,Anniversary / milestone engraved locket,Marks a lifetime of love in a wearable form.,C,"Rs 1,500-5,000"
961,"Senior women, 56+","Health, ease, devotion, memories",Wellness,Massage-chair pad (full body),Home-spa relaxation for tired muscles.,D,"Rs 5,000+"
962,"Senior women, 56+","Health, ease, devotion, memories",Wellness,Herbal / Ayurvedic wellness hamper,"Thoughtful, health-first indulgence.",C,"Rs 1,500-5,000"
963,"Senior women, 56+","Health, ease, devotion, memories",Wellness,Aroma diffuser + calming oils,"A soothing, fragrant home atmosphere.",B,"Rs 500-1,500"
964,"Senior women, 56+","Health, ease, devotion, memories",Wellness,Heated eye-massager,"Relieves tired eyes; a small, felt luxury.",C,"Rs 1,500-5,000"
965,"Senior women, 56+","Health, ease, devotion, memories",Wellness,Acupressure foot roller / slippers,Simple daily circulation and relief.,B,"Rs 500-1,500"
966,"Senior women, 56+","Health, ease, devotion, memories",Wellness,Herbal tea / kadha sampler,"Warm, healthful rituals in a cup.",B,"Rs 500-1,500"
967,"Senior women, 56+","Health, ease, devotion, memories",Wellness,Handheld personal massager,"Targeted relief for shoulders, back and legs.",B,"Rs 500-1,500"
968,"Senior women, 56+","Health, ease, devotion, memories",Wellness,Sleep-sound / white-noise machine,Gentle soundscapes for restful nights.,B,"Rs 500-1,500"
969,"Senior women, 56+","Health, ease, devotion, memories",Wellness,Warm thermal / fleece blanket,Cosy comfort for cold mornings and evenings.,C,"Rs 1,500-5,000"
970,"Senior women, 56+","Health, ease, devotion, memories",Wellness,Sunlight / vitamin-D therapy lamp,Mood and energy support through dull days.,C,"Rs 1,500-5,000"
971,"Senior women, 56+","Health, ease, devotion, memories",Everyday Tech & Experiences,Large-button easy mobile phone,Simple calls without menu confusion; independence gifted.,C,"Rs 1,500-5,000"
972,"Senior women, 56+","Health, ease, devotion, memories",Everyday Tech & Experiences,Voice-assistant smart speaker,"Hands-free music, reminders and bhajans; surprisingly loved.",C,"Rs 1,500-5,000"
973,"Senior women, 56+","Health, ease, devotion, memories",Everyday Tech & Experiences,Tablet set up for video calls,Effortless face-to-face time with grandchildren.,D,"Rs 5,000+"
974,"Senior women, 56+","Health, ease, devotion, memories",Everyday Tech & Experiences,Digital photo frame (auto-updating),Family photos beamed from afar; connection gifted.,D,"Rs 5,000+"
975,"Senior women, 56+","Health, ease, devotion, memories",Everyday Tech & Experiences,Devotional / pilgrimage trip voucher,A meaningful journey to a cherished place.,D,"Rs 5,000+"
976,"Senior women, 56+","Health, ease, devotion, memories",Everyday Tech & Experiences,Family staycation gift (comfortable),Quality time together in comfort.,D,"Rs 5,000+"
977,"Senior women, 56+","Health, ease, devotion, memories",Everyday Tech & Experiences,Personalised legacy-interview video,Her life story recorded for generations.,C,"Rs 1,500-5,000"
978,"Senior women, 56+","Health, ease, devotion, memories",Everyday Tech & Experiences,Ayurveda / wellness-centre package,Rejuvenation guided by trained hands.,D,"Rs 5,000+"
979,"Senior women, 56+","Health, ease, devotion, memories",Everyday Tech & Experiences,Emergency SOS pendant,One press for help; safety and reassurance.,C,"Rs 1,500-5,000"
980,"Senior women, 56+","Health, ease, devotion, memories",Everyday Tech & Experiences,Personalised photo-memory book (curated),Her life in pictures; deeply moving and treasured.,C,"Rs 1,500-5,000"
981,"Senior women, 56+","Health, ease, devotion, memories",Faith & Spiritual,Premium pooja / prayer accessory set,Elevates a cherished daily spiritual ritual.,C,"Rs 1,500-5,000"
982,"Senior women, 56+","Health, ease, devotion, memories",Faith & Spiritual,Bhajan & aarti smart audio box,Devotional favourites at one simple press.,B,"Rs 500-1,500"
983,"Senior women, 56+","Health, ease, devotion, memories",Faith & Spiritual,Illustrated scripture / classics (large print),"Beloved texts in a comfortable, giftable edition.",C,"Rs 1,500-5,000"
984,"Senior women, 56+","Health, ease, devotion, memories",Faith & Spiritual,Spiritual mala / prayer beads,"A meaningful, calming daily companion.",B,"Rs 500-1,500"
985,"Senior women, 56+","Health, ease, devotion, memories",Faith & Spiritual,Meditation cushion + guide set,Comfort and structure for a mindful practice.,B,"Rs 500-1,500"
986,"Senior women, 56+","Health, ease, devotion, memories",Faith & Spiritual,Personalised prayer-corner art / nameplate,"A warm, custom touch for the home shrine.",B,"Rs 500-1,500"
987,"Senior women, 56+","Health, ease, devotion, memories",Faith & Spiritual,Incense / dhoop premium collection,Fragrant essentials for daily devotion.,B,"Rs 500-1,500"
988,"Senior women, 56+","Health, ease, devotion, memories",Faith & Spiritual,Devotional-discourse audiobook set,Wisdom and calm for quiet afternoons.,C,"Rs 1,500-5,000"
989,"Senior women, 56+","Health, ease, devotion, memories",Faith & Spiritual,Brass / eco diya + lamp set,Elegant essentials for prayers and festivals.,C,"Rs 1,500-5,000"
990,"Senior women, 56+","Health, ease, devotion, memories",Faith & Spiritual,Pilgrimage travel-comfort kit,Thoughtful gear for a meaningful journey.,C,"Rs 1,500-5,000"
991,"Senior women, 56+","Health, ease, devotion, memories",Comfort Clothing,Soft warm shawl / stole,"Cosy, graceful warmth for cool mornings.",C,"Rs 1,500-5,000"
992,"Senior women, 56+","Health, ease, devotion, memories",Comfort Clothing,Anti-slip comfort footwear,"Safe, cushioned support for daily wear.",B,"Rs 500-1,500"
993,"Senior women, 56+","Health, ease, devotion, memories",Comfort Clothing,Premium cotton nightwear set,"Breathable, soft comfort for restful nights.",B,"Rs 500-1,500"
994,"Senior women, 56+","Health, ease, devotion, memories",Comfort Clothing,Thermal innerwear set (winter),"Gentle, lightweight warmth under everything.",B,"Rs 500-1,500"
995,"Senior women, 56+","Health, ease, devotion, memories",Comfort Clothing,Easy-wear kaftan / house-dress set,"Elegant, effortless everyday comfort.",C,"Rs 1,500-5,000"
996,"Senior women, 56+","Health, ease, devotion, memories",Comfort Clothing,Warm bed-socks + gloves set,Small cosy comforts for cold days.,A,Rs 0-500
997,"Senior women, 56+","Health, ease, devotion, memories",Comfort Clothing,Lightweight quilted jacket,Warmth without weight for outings.,C,"Rs 1,500-5,000"
998,"Senior women, 56+","Health, ease, devotion, memories",Comfort Clothing,Personalised warm blanket-wrap,"A custom, cosy hug for TV and reading time.",C,"Rs 1,500-5,000"
999,"Senior women, 56+","Health, ease, devotion, memories",Comfort Clothing,Compression / support socks,Gentle circulation support for tired legs.,B,"Rs 500-1,500"
1000,"Senior women, 56+","Health, ease, devotion, memories",Comfort Clothing,Soft handloom saree / comfortable wear,"A graceful, cherished everyday piece.",D,"Rs 5,000+"
1001,Unisex / anyone,"Couples, friends, siblings, coworkers",Couples,Personalised couple star-map frame,The night sky of the day they met; deeply romantic.,B,"Rs 500-1,500"
1002,Unisex / anyone,"Couples, friends, siblings, coworkers",Couples,Custom couple caricature on wood,"A playful, personal keepsake of the two of them.",B,"Rs 500-1,500"
1003,Unisex / anyone,"Couples, friends, siblings, coworkers",Couples,Matching engraved couple bracelets,"Subtle, wearable symbols of a shared bond.",B,"Rs 500-1,500"
1004,Unisex / anyone,"Couples, friends, siblings, coworkers",Couples,Long-distance touch-lamp pair,"Tap one, the other glows; connection across cities.",D,"Rs 5,000+"
1005,Unisex / anyone,"Couples, friends, siblings, coworkers",Couples,Couple's cooking / date-night kit,A shared experience-in-a-box for a memorable evening.,C,"Rs 1,500-5,000"
1006,Unisex / anyone,"Couples, friends, siblings, coworkers",Couples,Personalised photo-cube / rolling cube,Rotating photos of their story; a novel keepsake.,C,"Rs 1,500-5,000"
1007,Unisex / anyone,"Couples, friends, siblings, coworkers",Couples,'Our adventures' scratch-off map,Scratch the places they've been together; goal-setting fun.,B,"Rs 500-1,500"
1008,Unisex / anyone,"Couples, friends, siblings, coworkers",Couples,Custom song-lyric / Spotify frame,"Their anthem, framed; personal and heartfelt.",B,"Rs 500-1,500"
1009,Unisex / anyone,"Couples, friends, siblings, coworkers",Couples,Couple's spa / massage voucher,Shared relaxation; a memory over an object.,D,"Rs 5,000+"
1010,Unisex / anyone,"Couples, friends, siblings, coworkers",Couples,Message-in-a-bottle keepsake set,Little notes to open on hard or special days.,A,Rs 0-500
1011,Unisex / anyone,"Couples, friends, siblings, coworkers",Friends,'Open when...' letter box set,Notes for every mood; thoughtful and unforgettable.,B,"Rs 500-1,500"
1012,Unisex / anyone,"Couples, friends, siblings, coworkers",Friends,Personalised friendship-journey frame,"Milestones of a friendship, mapped and framed.",B,"Rs 500-1,500"
1013,Unisex / anyone,"Couples, friends, siblings, coworkers",Friends,Matching best-friend keychains,"A small, everyday symbol of the bond.",A,Rs 0-500
1014,Unisex / anyone,"Couples, friends, siblings, coworkers",Friends,Custom bobblehead of your friend,"A hilarious, personal desk companion.",C,"Rs 1,500-5,000"
1015,Unisex / anyone,"Couples, friends, siblings, coworkers",Friends,Shared-memory photo-book (curated),Years of inside jokes in one keepsake.,C,"Rs 1,500-5,000"
1016,Unisex / anyone,"Couples, friends, siblings, coworkers",Friends,Friendship-day caricature,Captures the duo's personality with humour.,B,"Rs 500-1,500"
1017,Unisex / anyone,"Couples, friends, siblings, coworkers",Friends,Board-game / party-game night set,Fuels the get-togethers that keep friends close.,B,"Rs 500-1,500"
1018,Unisex / anyone,"Couples, friends, siblings, coworkers",Friends,Personalised playlist / cassette keychain,Their shared soundtrack in a retro trinket.,A,Rs 0-500
1019,Unisex / anyone,"Couples, friends, siblings, coworkers",Friends,Group-trip experience voucher,An adventure to share; the ultimate friend gift.,C,"Rs 1,500-5,000"
1020,Unisex / anyone,"Couples, friends, siblings, coworkers",Friends,Customised inside-joke mug / tee,A daily-use item that makes them grin.,A,Rs 0-500
1021,Unisex / anyone,"Couples, friends, siblings, coworkers",Siblings & Family,Personalised sibling photo-frame,A warm keepsake of the sibling bond.,B,"Rs 500-1,500"
1022,Unisex / anyone,"Couples, friends, siblings, coworkers",Siblings & Family,Custom family-portrait illustration,The whole family as art; treasured on the wall.,B,"Rs 500-1,500"
1023,Unisex / anyone,"Couples, friends, siblings, coworkers",Siblings & Family,Rakhi / festival personalised hamper,"Thoughtful, occasion-perfect and full of meaning.",C,"Rs 1,500-5,000"
1024,Unisex / anyone,"Couples, friends, siblings, coworkers",Siblings & Family,Sibling caricature standee,"Playful, personal and instantly loved.",B,"Rs 500-1,500"
1025,Unisex / anyone,"Couples, friends, siblings, coworkers",Siblings & Family,'Reasons I love you' message jar,Little notes that land straight in the heart.,A,Rs 0-500
1026,Unisex / anyone,"Couples, friends, siblings, coworkers",Siblings & Family,Family-recipe keepsake cookbook,Preserves the flavours of home for generations.,C,"Rs 1,500-5,000"
1027,Unisex / anyone,"Couples, friends, siblings, coworkers",Siblings & Family,Personalised family-tree wall art,Roots and generations honoured beautifully.,C,"Rs 1,500-5,000"
1028,Unisex / anyone,"Couples, friends, siblings, coworkers",Siblings & Family,Matching family sweatshirts / co-ord,Photo-ready togetherness for the whole clan.,C,"Rs 1,500-5,000"
1029,Unisex / anyone,"Couples, friends, siblings, coworkers",Siblings & Family,Custom voice-note keepsake frame,Plays a loved one's message on demand.,B,"Rs 500-1,500"
1030,Unisex / anyone,"Couples, friends, siblings, coworkers",Siblings & Family,Family board-game night bundle,Screen-free evenings that bring everyone together.,B,"Rs 500-1,500"
1031,Unisex / anyone,"Couples, friends, siblings, coworkers",Coworkers,Personalised desk-nameplate / organiser,"A dignified, useful upgrade for their workspace.",B,"Rs 500-1,500"
1032,Unisex / anyone,"Couples, friends, siblings, coworkers",Coworkers,Custom profession caricature,A witty nod to their role; a desk favourite.,B,"Rs 500-1,500"
1033,Unisex / anyone,"Couples, friends, siblings, coworkers",Coworkers,Premium coffee / tea desk hamper,Fuels the workday with a touch of indulgence.,C,"Rs 1,500-5,000"
1034,Unisex / anyone,"Couples, friends, siblings, coworkers",Coworkers,Desk plant + minimalist planter,A bit of calm and life for the office corner.,B,"Rs 500-1,500"
1035,Unisex / anyone,"Couples, friends, siblings, coworkers",Coworkers,Personalised notebook + pen set,"Thoughtful, professional and genuinely used.",B,"Rs 500-1,500"
1036,Unisex / anyone,"Couples, friends, siblings, coworkers",Coworkers,Farewell / promotion memory frame,Marks a milestone with warmth and class.,B,"Rs 500-1,500"
1037,Unisex / anyone,"Couples, friends, siblings, coworkers",Coworkers,Wireless charging desk-clock,"A clean, useful gadget for any professional.",C,"Rs 1,500-5,000"
1038,Unisex / anyone,"Couples, friends, siblings, coworkers",Coworkers,Motivational desk-mat (personalised),Their name and goals under the keyboard daily.,B,"Rs 500-1,500"
1039,Unisex / anyone,"Couples, friends, siblings, coworkers",Coworkers,Trophy / recognition award (custom),Celebrates a win in a keepsake they'll display.,B,"Rs 500-1,500"
1040,Unisex / anyone,"Couples, friends, siblings, coworkers",Coworkers,Team-experience / lunch voucher,Shared time that strengthens work bonds.,C,"Rs 1,500-5,000"
1041,Unisex / anyone,"Couples, friends, siblings, coworkers",Housewarming,Personalised family-name nameplate,Marks the new home with pride from day one.,B,"Rs 500-1,500"
1042,Unisex / anyone,"Couples, friends, siblings, coworkers",Housewarming,Custom house-portrait illustration,Their new home as art; a heartfelt first-day gift.,C,"Rs 1,500-5,000"
1043,Unisex / anyone,"Couples, friends, siblings, coworkers",Housewarming,Premium scented-candle gift set,"A warm, welcoming scent for the new space.",B,"Rs 500-1,500"
1044,Unisex / anyone,"Couples, friends, siblings, coworkers",Housewarming,Indoor plant + designer planter,A living housewarming that grows with the home.,B,"Rs 500-1,500"
1045,Unisex / anyone,"Couples, friends, siblings, coworkers",Housewarming,Personalised doormat,"A cheerful, custom welcome at the front door.",B,"Rs 500-1,500"
1046,Unisex / anyone,"Couples, friends, siblings, coworkers",Housewarming,Bar / entertaining accessory set,Ready-to-host essentials for the new place.,C,"Rs 1,500-5,000"
1047,Unisex / anyone,"Couples, friends, siblings, coworkers",Housewarming,Wall-clock / statement décor piece,A finishing touch for the fresh living room.,C,"Rs 1,500-5,000"
1048,Unisex / anyone,"Couples, friends, siblings, coworkers",Housewarming,Custom map / coordinates art of the home,Their address turned into meaningful wall art.,B,"Rs 500-1,500"
1049,Unisex / anyone,"Couples, friends, siblings, coworkers",Housewarming,Kitchen-essentials starter hamper,"Practical, thoughtful and immediately useful.",C,"Rs 1,500-5,000"
1050,Unisex / anyone,"Couples, friends, siblings, coworkers",Housewarming,Personalised key-holder / entry organiser,"Tidy, warm and useful from the very first day.",B,"Rs 500-1,500"
1051,Unisex / anyone,"Couples, friends, siblings, coworkers",Quirky & Fun,Levitating / floating moon lamp,A gravity-defying centrepiece and conversation-starter.,D,"Rs 5,000+"
1052,Unisex / anyone,"Couples, friends, siblings, coworkers",Quirky & Fun,Anti-gravity water-drop humidifier,Mesmerising floating droplets; oddly delightful.,B,"Rs 500-1,500"
1053,Unisex / anyone,"Couples, friends, siblings, coworkers",Quirky & Fun,Self-stirring / temperature mug,"A small, futuristic daily luxury.",B,"Rs 500-1,500"
1054,Unisex / anyone,"Couples, friends, siblings, coworkers",Quirky & Fun,Retro voice-recorder tape keychain,Records and replays; charmingly nostalgic.,A,Rs 0-500
1055,Unisex / anyone,"Couples, friends, siblings, coworkers",Quirky & Fun,Levitating Bluetooth speaker,Floating 360-degree sound; instant wow.,D,"Rs 5,000+"
1056,Unisex / anyone,"Couples, friends, siblings, coworkers",Quirky & Fun,Reverse / capsule quirky umbrella,A practical gift with a genuine style twist.,B,"Rs 500-1,500"
1057,Unisex / anyone,"Couples, friends, siblings, coworkers",Quirky & Fun,Mini arcade retro-game console,Pocket nostalgia loaded with childhood classics.,B,"Rs 500-1,500"
1058,Unisex / anyone,"Couples, friends, siblings, coworkers",Quirky & Fun,Galaxy / aurora projector lamp,Turns any room into a dreamy light show.,B,"Rs 500-1,500"
1059,Unisex / anyone,"Couples, friends, siblings, coworkers",Quirky & Fun,Funny personalised prank gift box,A shared laugh wrapped as a gift.,C,"Rs 1,500-5,000"
1060,Unisex / anyone,"Couples, friends, siblings, coworkers",Quirky & Fun,Magnetic sand / kinetic desk toy,"Hypnotic, calming fidget décor for any desk.",B,"Rs 500-1,500"
1061,Unisex / anyone,"Couples, friends, siblings, coworkers",Plants & Green,Bonsai plant + care kit,"A living, meditative hobby for any windowsill.",C,"Rs 1,500-5,000"
1062,Unisex / anyone,"Couples, friends, siblings, coworkers",Plants & Green,Self-watering smart planter,Keeps greenery thriving even for the forgetful.,C,"Rs 1,500-5,000"
1063,Unisex / anyone,"Couples, friends, siblings, coworkers",Plants & Green,Terrarium DIY kit,A tiny green world they build and tend.,B,"Rs 500-1,500"
1064,Unisex / anyone,"Couples, friends, siblings, coworkers",Plants & Green,Lucky bamboo / money-plant arrangement,"A thoughtful, low-maintenance good-luck gift.",B,"Rs 500-1,500"
1065,Unisex / anyone,"Couples, friends, siblings, coworkers",Plants & Green,Herb-garden windowsill kit,Fresh herbs on hand for the home cook.,B,"Rs 500-1,500"
1066,Unisex / anyone,"Couples, friends, siblings, coworkers",Plants & Green,Air-purifying plant duo + pots,Cleaner air and calm in one living gift.,B,"Rs 500-1,500"
1067,Unisex / anyone,"Couples, friends, siblings, coworkers",Plants & Green,Personalised engraved planter,A custom pot that makes any plant a keepsake.,B,"Rs 500-1,500"
1068,Unisex / anyone,"Couples, friends, siblings, coworkers",Plants & Green,Succulent-collection starter set,"Hardy, charming greenery for beginners.",B,"Rs 500-1,500"
1069,Unisex / anyone,"Couples, friends, siblings, coworkers",Plants & Green,Grow-your-own flowers kit,Seeds to blooms; a rewarding little project.,A,Rs 0-500
1070,Unisex / anyone,"Couples, friends, siblings, coworkers",Plants & Green,Smart plant-care sensor,Tells them exactly what the plant needs; clever.,C,"Rs 1,500-5,000"
1071,Unisex / anyone,"Couples, friends, siblings, coworkers",Subscriptions,Curated monthly subscription box (3m),Anticipation and delight delivered every month.,D,"Rs 5,000+"
1072,Unisex / anyone,"Couples, friends, siblings, coworkers",Subscriptions,Streaming / OTT annual gift card,Endless entertainment; safe and always welcome.,C,"Rs 1,500-5,000"
1073,Unisex / anyone,"Couples, friends, siblings, coworkers",Subscriptions,Coffee / tea subscription (3 months),A fresh discovery for the ritual-lover monthly.,C,"Rs 1,500-5,000"
1074,Unisex / anyone,"Couples, friends, siblings, coworkers",Subscriptions,Book-of-the-month subscription,"A new read and a habit, delivered.",C,"Rs 1,500-5,000"
1075,Unisex / anyone,"Couples, friends, siblings, coworkers",Subscriptions,Audiobook / podcast annual subscription,"Stories for commutes, chores and downtime.",C,"Rs 1,500-5,000"
1076,Unisex / anyone,"Couples, friends, siblings, coworkers",Subscriptions,Meal-kit / gourmet-snack box,Cooking adventures without the grocery run.,C,"Rs 1,500-5,000"
1077,Unisex / anyone,"Couples, friends, siblings, coworkers",Subscriptions,Experience-day gift voucher (choose-your-own),They pick the adventure; the flexible perfect gift.,D,"Rs 5,000+"
1078,Unisex / anyone,"Couples, friends, siblings, coworkers",Subscriptions,Fitness / meditation app annual gift,A year of wellbeing that keeps giving.,B,"Rs 500-1,500"
1079,Unisex / anyone,"Couples, friends, siblings, coworkers",Subscriptions,Plant / gardening subscription,Fresh greenery delivered for the plant-lover.,C,"Rs 1,500-5,000"
1080,Unisex / anyone,"Couples, friends, siblings, coworkers",Subscriptions,Personalised digital-magazine subscription,"Their passion, delivered regularly and thoughtfully.",C,"Rs 1,500-5,000"
1081,Unisex / anyone,"Couples, friends, siblings, coworkers",Sentimental,Custom illustrated portrait (from photo),A loved one or pet as art; treasured and unique.,B,"Rs 500-1,500"
1082,Unisex / anyone,"Couples, friends, siblings, coworkers",Sentimental,Personalised message / memory jar (365),A year of little notes to open one by one.,A,Rs 0-500
1083,Unisex / anyone,"Couples, friends, siblings, coworkers",Sentimental,Spotify-code + photo keepsake,A song and a memory in one small treasure.,A,Rs 0-500
1084,Unisex / anyone,"Couples, friends, siblings, coworkers",Sentimental,Personalised wooden photo puzzle,A shared memory to build together and keep.,A,Rs 0-500
1085,Unisex / anyone,"Couples, friends, siblings, coworkers",Sentimental,Custom map of 'where it all began',A meaningful place framed with a date.,B,"Rs 500-1,500"
1086,Unisex / anyone,"Couples, friends, siblings, coworkers",Sentimental,Engraved keepsake box,"A beautiful home for letters, trinkets and memories.",B,"Rs 500-1,500"
1087,Unisex / anyone,"Couples, friends, siblings, coworkers",Sentimental,Personalised year-in-review photo book,"A whole year of memories, curated and bound.",C,"Rs 1,500-5,000"
1088,Unisex / anyone,"Couples, friends, siblings, coworkers",Sentimental,Fingerprint / handprint keepsake art,"A literal touch of a loved one, framed.",B,"Rs 500-1,500"
1089,Unisex / anyone,"Couples, friends, siblings, coworkers",Sentimental,Voice-waveform art (their words),A loved one's words turned into wall art.,B,"Rs 500-1,500"
1090,Unisex / anyone,"Couples, friends, siblings, coworkers",Sentimental,Time-capsule letter kit,Notes to a future self or loved one; profoundly personal.,A,Rs 0-500
1091,Unisex / anyone,"Couples, friends, siblings, coworkers",Anniversary & Milestone,Personalised anniversary star-map,"The sky of the day it all began, framed.",B,"Rs 500-1,500"
1092,Unisex / anyone,"Couples, friends, siblings, coworkers",Anniversary & Milestone,Custom '10/25/50 years' keepsake,Marks a milestone with warmth and class.,C,"Rs 1,500-5,000"
1093,Unisex / anyone,"Couples, friends, siblings, coworkers",Anniversary & Milestone,Engraved milestone crystal / plaque,A striking keepsake for a landmark moment.,C,"Rs 1,500-5,000"
1094,Unisex / anyone,"Couples, friends, siblings, coworkers",Anniversary & Milestone,Year-in-review photo-book (curated),"A whole chapter of memories, beautifully bound.",C,"Rs 1,500-5,000"
1095,Unisex / anyone,"Couples, friends, siblings, coworkers",Anniversary & Milestone,Personalised couple / family portrait,Their people as art; treasured for years.,B,"Rs 500-1,500"
1096,Unisex / anyone,"Couples, friends, siblings, coworkers",Anniversary & Milestone,Custom song / voice-note keepsake frame,Plays a loved one's message on demand.,B,"Rs 500-1,500"
1097,Unisex / anyone,"Couples, friends, siblings, coworkers",Anniversary & Milestone,Milestone experience gift box,A curated celebration ready to redeem.,D,"Rs 5,000+"
1098,Unisex / anyone,"Couples, friends, siblings, coworkers",Anniversary & Milestone,Time-capsule / letters keepsake kit,Notes to open on future milestones; deeply personal.,A,Rs 0-500
1099,Unisex / anyone,"Couples, friends, siblings, coworkers",Anniversary & Milestone,Personalised wedding / event caricature,"A playful, personal memory of the big day.",B,"Rs 500-1,500"
1100,Unisex / anyone,"Couples, friends, siblings, coworkers",Anniversary & Milestone,Coordinates art of a milestone place,A meaningful place framed with a date.,B,"Rs 500-1,500"
1101,"Premium, Rs 5000+",Statement gifts that land hard,Luxury Tech,Flagship noise-cancelling headphones,Best-in-class silence and sound; a daily-used indulgence.,D,"Rs 5,000+"
1102,"Premium, Rs 5000+",Statement gifts that land hard,Luxury Tech,Premium smartwatch (top-tier),"Health, style and connection in one statement piece.",D,"Rs 5,000+"
1103,"Premium, Rs 5000+",Statement gifts that land hard,Luxury Tech,High-end espresso / bean-to-cup machine,Cafe-quality mornings; a passion gift used every day.,D,"Rs 5,000+"
1104,"Premium, Rs 5000+",Statement gifts that land hard,Luxury Tech,Robot vacuum + mop (self-emptying),Buys back weekend hours; universally loved.,D,"Rs 5,000+"
1105,"Premium, Rs 5000+",Statement gifts that land hard,Luxury Tech,Premium projector for home cinema,Turns any wall into a movie night to remember.,D,"Rs 5,000+"
1106,"Premium, Rs 5000+",Statement gifts that land hard,Luxury Tech,Flagship wireless earbuds (ANC),Effortless premium audio for work and travel.,D,"Rs 5,000+"
1107,"Premium, Rs 5000+",Statement gifts that land hard,Luxury Tech,Smart-home flagship speaker / display,The elegant brain of a connected home.,D,"Rs 5,000+"
1108,"Premium, Rs 5000+",Statement gifts that land hard,Luxury Tech,Drone with pro 4K camera,Aerial creativity and flying joy; a big statement.,D,"Rs 5,000+"
1109,"Premium, Rs 5000+",Statement gifts that land hard,Luxury Tech,High-refresh gaming monitor / setup piece,A serious upgrade the gamer will never forget.,D,"Rs 5,000+"
1110,"Premium, Rs 5000+",Statement gifts that land hard,Luxury Tech,Premium e-reader (top model),A luxurious library for the devoted reader.,D,"Rs 5,000+"
1111,"Premium, Rs 5000+",Statement gifts that land hard,Premium Experiences,Luxury multi-night staycation (for two),A curated escape at a five-star property.,D,"Rs 5,000+"
1112,"Premium, Rs 5000+",Statement gifts that land hard,Premium Experiences,Hot-air-balloon ride for two,A once-in-a-lifetime shared memory.,D,"Rs 5,000+"
1113,"Premium, Rs 5000+",Statement gifts that land hard,Premium Experiences,Supercar / superbike track experience,"A bucket-list adrenaline day, retold for years.",D,"Rs 5,000+"
1114,"Premium, Rs 5000+",Statement gifts that land hard,Premium Experiences,Private yacht / houseboat day,"An indulgent, unforgettable day on the water.",D,"Rs 5,000+"
1115,"Premium, Rs 5000+",Statement gifts that land hard,Premium Experiences,Fine-dining chef's-table for two,An evening of culinary theatre and craft.,D,"Rs 5,000+"
1116,"Premium, Rs 5000+",Statement gifts that land hard,Premium Experiences,Luxury wellness / spa retreat,Deep rejuvenation guided by expert hands.,D,"Rs 5,000+"
1117,"Premium, Rs 5000+",Statement gifts that land hard,Premium Experiences,Wildlife-safari luxury package,"Nature at its most thrilling, in comfort.",D,"Rs 5,000+"
1118,"Premium, Rs 5000+",Statement gifts that land hard,Premium Experiences,Heritage-palace stay experience,Royal living for a night; a story to keep.,D,"Rs 5,000+"
1119,"Premium, Rs 5000+",Statement gifts that land hard,Premium Experiences,Private wine / whisky tasting session,"A guided, indulgent evening for the connoisseur.",D,"Rs 5,000+"
1120,"Premium, Rs 5000+",Statement gifts that land hard,Premium Experiences,Scenic-helicopter / flying experience,"The world from above; pure, memorable awe.",D,"Rs 5,000+"
1121,"Premium, Rs 5000+",Statement gifts that land hard,High-End Home,Designer statement floor lamp,A sculptural centrepiece that defines a room.,D,"Rs 5,000+"
1122,"Premium, Rs 5000+",Statement gifts that land hard,High-End Home,Premium bed-linen / bedding set,Hotel-luxury sleep felt every single night.,D,"Rs 5,000+"
1123,"Premium, Rs 5000+",Statement gifts that land hard,High-End Home,Luxury aroma-diffuser + fragrance set,A signature home scent with designer presence.,D,"Rs 5,000+"
1124,"Premium, Rs 5000+",Statement gifts that land hard,High-End Home,Handcrafted décor / art object,A one-of-a-kind piece with real character.,D,"Rs 5,000+"
1125,"Premium, Rs 5000+",Statement gifts that land hard,High-End Home,Premium coffee-table book collection,"Curated, beautiful volumes that anchor a room.",D,"Rs 5,000+"
1126,"Premium, Rs 5000+",Statement gifts that land hard,High-End Home,Massage chair (full-body recliner),A home-spa throne for daily luxury.,D,"Rs 5,000+"
1127,"Premium, Rs 5000+",Statement gifts that land hard,High-End Home,Designer dinnerware / serveware set,Hosting elegance for the entertaining household.,D,"Rs 5,000+"
1128,"Premium, Rs 5000+",Statement gifts that land hard,High-End Home,Smart-lighting whole-room system,App-controlled ambience that transforms the space.,D,"Rs 5,000+"
1129,"Premium, Rs 5000+",Statement gifts that land hard,High-End Home,Premium indoor-plant + designer planter,A living statement for the design-led home.,D,"Rs 5,000+"
1130,"Premium, Rs 5000+",Statement gifts that land hard,High-End Home,Custom neon / light-art installation,Personalised light as a bold décor centrepiece.,D,"Rs 5,000+"
1131,"Premium, Rs 5000+",Statement gifts that land hard,Jewellery & Watches,Automatic mechanical watch (heirloom),A milestone timepiece to keep and pass on.,D,"Rs 5,000+"
1132,"Premium, Rs 5000+",Statement gifts that land hard,Jewellery & Watches,Diamond / precious-stone jewellery,Timeless brilliance for a landmark occasion.,D,"Rs 5,000+"
1133,"Premium, Rs 5000+",Statement gifts that land hard,Jewellery & Watches,Gold personalised name / initial piece,"A luxurious, personal keepsake worn with pride.",D,"Rs 5,000+"
1134,"Premium, Rs 5000+",Statement gifts that land hard,Jewellery & Watches,Pearl luxury jewellery set,Classic elegance for the most special moments.,D,"Rs 5,000+"
1135,"Premium, Rs 5000+",Statement gifts that land hard,Jewellery & Watches,Designer sunglasses (premium),A face-defining accessory built to last.,D,"Rs 5,000+"
1136,"Premium, Rs 5000+",Statement gifts that land hard,Jewellery & Watches,Solid-gold / platinum band (custom),"A meaningful, enduring symbol crafted to order.",D,"Rs 5,000+"
1137,"Premium, Rs 5000+",Statement gifts that land hard,Jewellery & Watches,Luxury fountain pen (limited edition),A collectible writing instrument of real prestige.,D,"Rs 5,000+"
1138,"Premium, Rs 5000+",Statement gifts that land hard,Jewellery & Watches,Premium leather goods set (bag/wallet),Craftsmanship that ages beautifully with them.,D,"Rs 5,000+"
1139,"Premium, Rs 5000+",Statement gifts that land hard,Jewellery & Watches,Engraved milestone crystal award,"Marks an achievement in striking, keepsake form.",D,"Rs 5,000+"
1140,"Premium, Rs 5000+",Statement gifts that land hard,Jewellery & Watches,Personalised diamond-accent pendant,Sparkle plus personal meaning; unforgettable.,D,"Rs 5,000+"
1141,"Premium, Rs 5000+",Statement gifts that land hard,Gourmet Luxury,Premium single-malt / spirits gift set,A distinguished bottle for the discerning palate.,D,"Rs 5,000+"
1142,"Premium, Rs 5000+",Statement gifts that land hard,Gourmet Luxury,Luxury chocolate / dessert hamper,An indulgent showpiece of the finest treats.,D,"Rs 5,000+"
1143,"Premium, Rs 5000+",Statement gifts that land hard,Gourmet Luxury,"Gourmet gift-hamper (curated, premium)",A lavish spread of the best gourmet finds.,D,"Rs 5,000+"
1144,"Premium, Rs 5000+",Statement gifts that land hard,Gourmet Luxury,Fine-tea / rare-coffee collection,A connoisseur's journey through rare flavours.,D,"Rs 5,000+"
1145,"Premium, Rs 5000+",Statement gifts that land hard,Gourmet Luxury,Premium dry-fruit & saffron hamper,"A rich, festive gift of the finest ingredients.",D,"Rs 5,000+"
1146,"Premium, Rs 5000+",Statement gifts that land hard,Gourmet Luxury,Artisanal cheese & charcuterie premium set,Turns an evening into a gourmet celebration.,D,"Rs 5,000+"
1147,"Premium, Rs 5000+",Statement gifts that land hard,Gourmet Luxury,Luxury bar / cocktail-craft set,Everything for a spectacular home-bar showpiece.,D,"Rs 5,000+"
1148,"Premium, Rs 5000+",Statement gifts that land hard,Gourmet Luxury,Champagne / sparkling celebration set,A toast-worthy gift for landmark moments.,D,"Rs 5,000+"
1149,"Premium, Rs 5000+",Statement gifts that land hard,Gourmet Luxury,Premium honey / exotic-condiment collection,"Rare, gourmet pantry treasures for the foodie.",D,"Rs 5,000+"
1150,"Premium, Rs 5000+",Statement gifts that land hard,Gourmet Luxury,Chef's premium cookware statement piece,A lifetime kitchen upgrade for the serious cook.,D,"Rs 5,000+"
1151,"Premium, Rs 5000+",Statement gifts that land hard,Travel Luxury,Premium luggage set (hard-shell),"Handsome, durable carry for the frequent flyer.",D,"Rs 5,000+"
1152,"Premium, Rs 5000+",Statement gifts that land hard,Travel Luxury,Full-grain leather weekender bag,Timeless travel gear that ages beautifully.,D,"Rs 5,000+"
1153,"Premium, Rs 5000+",Statement gifts that land hard,Travel Luxury,Luxury travel-accessory gift box,Curated essentials for the seasoned traveller.,D,"Rs 5,000+"
1154,"Premium, Rs 5000+",Statement gifts that land hard,Travel Luxury,Premium travel headphones (ANC),Peace and premium sound on every journey.,D,"Rs 5,000+"
1155,"Premium, Rs 5000+",Statement gifts that land hard,Travel Luxury,Designer passport + travel-wallet set,Sophisticated organisation for the globetrotter.,D,"Rs 5,000+"
1156,"Premium, Rs 5000+",Statement gifts that land hard,Travel Luxury,Curated travel-experience gift card (premium),They choose a world-class experience; ultimate flexibility.,D,"Rs 5,000+"
1157,"Premium, Rs 5000+",Statement gifts that land hard,Travel Luxury,Luxury camera / travel-photography kit,For capturing journeys in stunning detail.,D,"Rs 5,000+"
1158,"Premium, Rs 5000+",Statement gifts that land hard,Travel Luxury,Premium car-travel gadget bundle,"Upgrades every road trip with smart, sleek tech.",D,"Rs 5,000+"
1159,"Premium, Rs 5000+",Statement gifts that land hard,Travel Luxury,First-class lounge / travel-perk membership,Turns airport waits into indulgent comfort.,D,"Rs 5,000+"
1160,"Premium, Rs 5000+",Statement gifts that land hard,Travel Luxury,Personalised luxury travel journal set,A beautiful home for the stories of their travels.,D,"Rs 5,000+"
1161,"Premium, Rs 5000+",Statement gifts that land hard,Wellness Luxury,Full-body premium massage chair,A home-spa throne for daily deep relaxation.,D,"Rs 5,000+"
1162,"Premium, Rs 5000+",Statement gifts that land hard,Wellness Luxury,Luxury spa-retreat weekend gift,A restorative escape for body and mind.,D,"Rs 5,000+"
1163,"Premium, Rs 5000+",Statement gifts that land hard,Wellness Luxury,Premium fitness smart-mirror / equipment,A high-end home gym that guides every workout.,D,"Rs 5,000+"
1164,"Premium, Rs 5000+",Statement gifts that land hard,Wellness Luxury,High-end percussion massage device,Pro-grade recovery that feels genuinely luxurious.,D,"Rs 5,000+"
1165,"Premium, Rs 5000+",Statement gifts that land hard,Wellness Luxury,Ayurveda luxury wellness package,"Deep, traditional rejuvenation by expert hands.",D,"Rs 5,000+"
1166,"Premium, Rs 5000+",Statement gifts that land hard,Wellness Luxury,Premium sleep-tech bundle,Better sleep as the ultimate modern luxury.,D,"Rs 5,000+"
1167,"Premium, Rs 5000+",Statement gifts that land hard,Wellness Luxury,Luxury skincare ritual collection,"A considered, indulgent daily self-care upgrade.",D,"Rs 5,000+"
1168,"Premium, Rs 5000+",Statement gifts that land hard,Wellness Luxury,Infrared sauna blanket,At-home detox-and-relax; a wellness statement gift.,D,"Rs 5,000+"
1169,"Premium, Rs 5000+",Statement gifts that land hard,Wellness Luxury,Premium meditation / breathwork device,Stress relief made tangible and beautifully designed.,D,"Rs 5,000+"
1170,"Premium, Rs 5000+",Statement gifts that land hard,Wellness Luxury,Personalised luxury robe + spa hamper,Hotel-grade comfort with a bespoke touch.,D,"Rs 5,000+"
1171,"Premium, Rs 5000+",Statement gifts that land hard,Collectibles,Collector-grade franchise replica (1:1),A museum-worthy fan piece that owns the room.,D,"Rs 5,000+"
1172,"Premium, Rs 5000+",Statement gifts that land hard,Collectibles,Limited-edition art print (signed),Gallery-grade wall art with genuine collectible value.,D,"Rs 5,000+"
1173,"Premium, Rs 5000+",Statement gifts that land hard,Collectibles,Premium vinyl turntable + record set,"Analog warmth and cover-art romance, elevated.",D,"Rs 5,000+"
1174,"Premium, Rs 5000+",Statement gifts that land hard,Collectibles,Handcrafted premium chess set,A heirloom for the strategist; art and game in one.,D,"Rs 5,000+"
1175,"Premium, Rs 5000+",Statement gifts that land hard,Collectibles,Luxury model-build (detailed kit),A prestige project and a striking display piece.,D,"Rs 5,000+"
1176,"Premium, Rs 5000+",Statement gifts that land hard,Collectibles,Signed sports / music memorabilia,"A piece of their passion, authenticated and treasured.",D,"Rs 5,000+"
1177,"Premium, Rs 5000+",Statement gifts that land hard,Collectibles,Premium telescope (advanced),Deep-sky wonder for the serious stargazer.,D,"Rs 5,000+"
1178,"Premium, Rs 5000+",Statement gifts that land hard,Collectibles,Designer statement sculpture,"A bold, characterful centrepiece for the home.",D,"Rs 5,000+"
1179,"Premium, Rs 5000+",Statement gifts that land hard,Collectibles,Rare-book / first-edition collectible,A treasure for the bibliophile; lasting and meaningful.,D,"Rs 5,000+"
1180,"Premium, Rs 5000+",Statement gifts that land hard,Collectibles,Custom-built PC / high-end setup piece,The dream upgrade for the serious enthusiast.,D,"Rs 5,000+"
1181,"Premium, Rs 5000+",Statement gifts that land hard,Personalised Luxury,Bespoke portrait painting (commissioned),A loved one immortalised by a real artist.,D,"Rs 5,000+"
1182,"Premium, Rs 5000+",Statement gifts that land hard,Personalised Luxury,Custom engraved luxury watch,A milestone timepiece made unmistakably theirs.,D,"Rs 5,000+"
1183,"Premium, Rs 5000+",Statement gifts that land hard,Personalised Luxury,Personalised premium leather-goods set,Monogrammed craftsmanship for everyday luxury.,D,"Rs 5,000+"
1184,"Premium, Rs 5000+",Statement gifts that land hard,Personalised Luxury,Custom family-portrait sculpture / art,The whole family as a striking keepsake.,D,"Rs 5,000+"
1185,"Premium, Rs 5000+",Statement gifts that land hard,Personalised Luxury,Engraved fine-jewellery keepsake,"Precious, personal and worn with love for life.",D,"Rs 5,000+"
1186,"Premium, Rs 5000+",Statement gifts that land hard,Personalised Luxury,Bespoke fragrance (custom-blended),A signature scent created uniquely for them.,D,"Rs 5,000+"
1187,"Premium, Rs 5000+",Statement gifts that land hard,Personalised Luxury,Personalised luxury photo-book (premium),A life's memories bound in a beautiful volume.,D,"Rs 5,000+"
1188,"Premium, Rs 5000+",Statement gifts that land hard,Personalised Luxury,Custom star-map on premium canvas,"A meaningful night sky, rendered as fine art.",D,"Rs 5,000+"
1189,"Premium, Rs 5000+",Statement gifts that land hard,Personalised Luxury,Monogrammed premium bar / desk set,Executive elegance made personal.,D,"Rs 5,000+"
1190,"Premium, Rs 5000+",Statement gifts that land hard,Personalised Luxury,Bespoke keepsake box (handcrafted),"A beautiful, custom home for a lifetime of treasures.",D,"Rs 5,000+"
1191,"Premium, Rs 5000+",Statement gifts that land hard,Big-Ticket Experiences,International short-getaway package,A dream trip; the most memorable gift of all.,D,"Rs 5,000+"
1192,"Premium, Rs 5000+",Statement gifts that land hard,Big-Ticket Experiences,Luxury dinner-cruise for two,An elegant evening on the water to remember.,D,"Rs 5,000+"
1193,"Premium, Rs 5000+",Statement gifts that land hard,Big-Ticket Experiences,Private cooking class with a chef,"A hands-on, gourmet experience they'll treasure.",D,"Rs 5,000+"
1194,"Premium, Rs 5000+",Statement gifts that land hard,Big-Ticket Experiences,Adventure-sports premium package,Skydiving-tier thrills for the bold at heart.,D,"Rs 5,000+"
1195,"Premium, Rs 5000+",Statement gifts that land hard,Big-Ticket Experiences,Luxury wildlife / jungle-lodge stay,"Nature and comfort in perfect, memorable balance.",D,"Rs 5,000+"
1196,"Premium, Rs 5000+",Statement gifts that land hard,Big-Ticket Experiences,Concert / premium-event VIP tickets,A front-row memory of a lifetime.,D,"Rs 5,000+"
1197,"Premium, Rs 5000+",Statement gifts that land hard,Big-Ticket Experiences,Personal-styling / makeover experience,"A confidence-boosting, feel-amazing day.",D,"Rs 5,000+"
1198,"Premium, Rs 5000+",Statement gifts that land hard,Big-Ticket Experiences,Photography destination-shoot package,"Stunning, professional images in a dream location.",D,"Rs 5,000+"
1199,"Premium, Rs 5000+",Statement gifts that land hard,Big-Ticket Experiences,Golf-resort premium weekend,A dream escape for the passionate golfer.,D,"Rs 5,000+"
1200,"Premium, Rs 5000+",Statement gifts that land hard,Big-Ticket Experiences,Bespoke anniversary celebration package,"A curated, once-in-a-lifetime milestone experience.",D,"Rs 5,000+"
